trip_id,membership_type,bicycle_id,bike_type,checkout_datetime,checkout_date,checkout_time,checkout_kiosk_id,checkout_kiosk,return_kiosk_id,return_kiosk,trip_duration_minutes,month,year
29710677,Local365,19847,electric,2023-05-24T18:32:11.000,2023-05-24T00:00:00.000,2025-11-19 18:32:11,2552,3rd/West,2552,4th/Guadalupe @ Republic Square,3,5,2023
29745510,Local365,21491,electric,2023-05-28T14:12:12.000,2023-05-28T00:00:00.000,2025-11-19 14:12:12,3685,9th/Henderson,3685,2nd/Congress,6,5,2023
29550686,Local365,157G,classic,2023-05-06T20:26:05.000,2023-05-06T00:00:00.000,2025-11-19 20:26:05,2497,11th/Congress @ The Texas Capitol,2497,21st/Guadalupe,10,5,2023
29667683,Local365,17751,electric,2023-05-20T07:18:09.000,2023-05-20T00:00:00.000,2025-11-19 07:18:09,2504,South Congress/Elizabeth,2504,South Congress/Elizabeth,7,5,2023
29632824,Local365,21455,electric,2023-05-15T17:12:36.000,2023-05-15T00:00:00.000,2025-11-19 17:12:36,2499,2nd/Lavaca @ City Hall,2499,South Congress/Elizabeth,8,5,2023
29504815,Local365,21508,electric,2023-05-02T16:34:14.000,2023-05-02T00:00:00.000,2025-11-19 16:34:14,2497,11th/Congress @ The Texas Capitol,2497,South Congress/Mary,11,5,2023
29678294,Local365,19645,electric,2023-05-21T08:53:19.000,2023-05-21T00:00:00.000,2025-11-19 08:53:19,7187,South Congress/Mary,7187,Veterans/Atlanta @ MoPac Ped Bridge,17,5,2023
29588728,Local365,19693,electric,2023-05-10T16:32:56.000,2023-05-10T00:00:00.000,2025-11-19 16:32:56,2561,12th/San Jacinto @ State Capitol Visitors Garage,2561,South Congress/Mary,15,5,2023
29609160,Local365,18929,electric,2023-05-12T16:28:10.000,2023-05-12T00:00:00.000,2025-11-19 16:28:10,2497,11th/Congress @ The Texas Capitol,2497,South Congress/Mary,12,5,2023
29577338,Local365,21514,electric,2023-05-09T16:29:36.000,2023-05-09T00:00:00.000,2025-11-19 16:29:36,7131,13th/Trinity @ Waterloo Greenway,7131,South Congress/Mary,16,5,2023
29510683,Local365,19706,electric,2023-05-03T11:25:41.000,2023-05-03T00:00:00.000,2025-11-19 11:25:41,2561,12th/San Jacinto @ State Capitol Visitors Garage,2561,3rd/West,7,5,2023
29512432,Local365,21528,electric,2023-05-03T13:23:02.000,2023-05-03T00:00:00.000,2025-11-19 13:23:02,7187,South Congress/Mary,7187,12th/San Jacinto @ State Capitol Visitors Garage,10,5,2023
29511851,Local365,19194,electric,2023-05-03T12:51:44.000,2023-05-03T00:00:00.000,2025-11-19 12:51:44,2496,8th/Congress,2496,4th/Congress,2,5,2023
29549521,Local365,21744,electric,2023-05-06T18:51:14.000,2023-05-06T00:00:00.000,2025-11-19 18:51:14,2552,3rd/West,2552,6th/Congress,9,5,2023
29681809,Local365,22155,electric,2023-05-21T14:45:14.000,2023-05-21T00:00:00.000,2025-11-19 14:45:14,3621,3rd/Nueces,3621,4th/Congress,3,5,2023
29601357,Local365,22196,electric,2023-05-11T20:40:54.000,2023-05-11T00:00:00.000,2025-11-19 20:40:54,3377,Veterans/Atlanta @ MoPac Ped Bridge,3377,Electric Drive/Sandra Muraida Way @ Pfluger Ped Bridge,7,5,2023
29495569,Local31,21821,electric,2023-05-01T17:12:48.000,2023-05-01T00:00:00.000,2025-11-19 17:12:48,2575,Riverside/South Lamar,2575,2nd/Lavaca @ City Hall,12,5,2023
29496622,Local31,21799,electric,2023-05-01T18:43:41.000,2023-05-01T00:00:00.000,2025-11-19 18:43:41,2499,2nd/Lavaca @ City Hall,2499,Riverside/South Lamar,7,5,2023
29756966,Local31,1627,classic,2023-05-29T14:15:12.000,2023-05-29T00:00:00.000,2025-11-19 14:15:12,2575,Riverside/South Lamar,2575,Barton Springs/Bouldin @ Palmer Auditorium,17,5,2023
29774671,Local31,19645,electric,2023-05-31T13:10:04.000,2023-05-31T00:00:00.000,2025-11-19 13:10:04,3794,4th/Sabine,3794,12th/San Jacinto @ State Capitol Visitors Garage,6,5,2023
29712809,Local31,21739,electric,2023-05-25T04:19:21.000,2023-05-25T00:00:00.000,2025-11-19 04:19:21,3621,3rd/Nueces,3621,4th/Sabine,5,5,2023
29726680,Local31,18673,electric,2023-05-26T16:59:56.000,2023-05-26T00:00:00.000,2025-11-19 16:59:56,2503,South Congress/James,2503,4th/Sabine,12,5,2023
29730484,Local31,15063E,electric,2023-05-27T05:12:49.000,2023-05-27T00:00:00.000,2025-11-19 05:12:49,3660,East 6th/Medina,3660,East 5th/Broadway @ Capital Metro HQ,7,5,2023
29741690,Local31,21691,electric,2023-05-28T05:01:39.000,2023-05-28T00:00:00.000,2025-11-19 05:01:39,3794,4th/Sabine,3794,East 5th/Broadway @ Capital Metro HQ,9,5,2023
29745404,Local31,17347,electric,2023-05-28T14:01:27.000,2023-05-28T00:00:00.000,2025-11-19 14:01:27,2495,4th/Congress,2495,4th/Sabine,4,5,2023
29712533,Local31,21739,electric,2023-05-24T23:13:59.000,2023-05-24T00:00:00.000,2025-11-19 23:13:59,2823,East 5th/Broadway @ Capital Metro HQ,2823,4th/Sabine,12,5,2023
29712792,Local31,21739,electric,2023-05-25T03:17:01.000,2023-05-25T00:00:00.000,2025-11-19 03:17:01,3794,4th/Sabine,3794,3rd/Nueces,6,5,2023
29667214,Local31,19270,electric,2023-05-20T00:05:11.000,2023-05-20T00:00:00.000,2025-11-19 00:05:11,4060,Red River/Cesar Chavez @ The Fairmont,4060,3rd/Trinity @ The Convention Center,2,5,2023
29698665,Local31,21714,electric,2023-05-23T12:47:31.000,2023-05-23T00:00:00.000,2025-11-19 12:47:31,3794,4th/Sabine,3794,East 5th/Broadway @ Capital Metro HQ,10,5,2023
29644100,Local31,18971,electric,2023-05-17T09:25:12.000,2023-05-17T00:00:00.000,2025-11-19 09:25:12,3794,4th/Sabine,3794,2nd/Congress,3,5,2023
29644185,Local31,21497,electric,2023-05-17T09:35:29.000,2023-05-17T00:00:00.000,2025-11-19 09:35:29,2494,2nd/Congress,2494,4th/Sabine,5,5,2023
29651222,Local31,21829,electric,2023-05-17T23:17:20.000,2023-05-17T00:00:00.000,2025-11-19 23:17:20,2823,East 5th/Broadway @ Capital Metro HQ,2823,4th/Sabine,24,5,2023
29629276,Local31,19935,electric,2023-05-15T10:41:47.000,2023-05-15T00:00:00.000,2025-11-19 10:41:47,2823,East 5th/Broadway @ Capital Metro HQ,2823,Red River/Cesar Chavez @ The Fairmont,12,5,2023
29630457,Local31,19935,electric,2023-05-15T12:53:38.000,2023-05-15T00:00:00.000,2025-11-19 12:53:38,3660,East 6th/Medina,3660,East 5th/Broadway @ Capital Metro HQ,8,5,2023
29643021,Local31,18971,electric,2023-05-16T23:24:18.000,2023-05-16T00:00:00.000,2025-11-19 23:24:18,2823,East 5th/Broadway @ Capital Metro HQ,2823,4th/Sabine,12,5,2023
29599230,Local31,21477,electric,2023-05-11T17:20:23.000,2023-05-11T00:00:00.000,2025-11-19 17:20:23,2501,5th/Bowie,2501,4th/Sabine,13,5,2023
29600968,Local31,21477,electric,2023-05-11T19:55:26.000,2023-05-11T00:00:00.000,2025-11-19 19:55:26,3794,4th/Sabine,3794,South Congress/Barton Springs @ The Austin American-Statesman,8,5,2023
29601438,Local31,21477,electric,2023-05-11T20:52:13.000,2023-05-11T00:00:00.000,2025-11-19 20:52:13,3513,South Congress/Barton Springs @ The Austin American-Statesman,3513,4th/Sabine,6,5,2023
22232626,,17370,electric,2020-06-22T20:11:43.000,2020-06-22T00:00:00.000,2025-11-19 20:11:43,3793,28th/Rio Grande,2552,3rd/West,19,6,2020
29612716,Local31,21739,electric,2023-05-13T00:59:10.000,2023-05-13T00:00:00.000,2025-11-19 00:59:10,2539,3rd/Trinity @ The Convention Center,2539,4th/Sabine,2,5,2023
29622043,Local31,19748,electric,2023-05-14T05:04:54.000,2023-05-14T00:00:00.000,2025-11-19 05:04:54,3660,East 6th/Medina,3660,East 5th/Broadway @ Capital Metro HQ,8,5,2023
29581178,Local31,16288,electric,2023-05-09T23:26:14.000,2023-05-09T00:00:00.000,2025-11-19 23:26:14,2823,East 5th/Broadway @ Capital Metro HQ,2823,4th/Sabine,11,5,2023
29582898,Local31,16288,electric,2023-05-10T07:43:43.000,2023-05-10T00:00:00.000,2025-11-19 07:43:43,3794,4th/Sabine,3794,East 5th/Broadway @ Capital Metro HQ,10,5,2023
29586531,Local31,21666,electric,2023-05-10T13:15:01.000,2023-05-10T00:00:00.000,2025-11-19 13:15:01,2565,6th/Trinity,2565,12th/San Jacinto @ State Capitol Visitors Garage,3,5,2023
29598174,Local31,21788,electric,2023-05-11T15:40:20.000,2023-05-11T00:00:00.000,2025-11-19 15:40:20,2570,South Congress/Academy,2570,9th/Henderson,15,5,2023
29571817,Local31,23318,electric,2023-05-09T01:45:19.000,2023-05-09T00:00:00.000,2025-11-19 01:45:19,2494,2nd/Congress,2494,3rd/Trinity @ The Convention Center,2,5,2023
29571838,Local31,23318,electric,2023-05-09T01:57:57.000,2023-05-09T00:00:00.000,2025-11-19 01:57:57,2539,3rd/Trinity @ The Convention Center,2539,4th/Sabine,3,5,2023
29574730,Local31,19442,electric,2023-05-09T12:44:57.000,2023-05-09T00:00:00.000,2025-11-19 12:44:57,3794,4th/Sabine,3794,East 5th/Broadway @ Capital Metro HQ,10,5,2023
29562530,Local31,16828,electric,2023-05-07T21:57:31.000,2023-05-07T00:00:00.000,2025-11-19 21:57:31,2494,2nd/Congress,2494,4th/Sabine,3,5,2023
29565267,Local31,16288,electric,2023-05-08T11:57:19.000,2023-05-08T00:00:00.000,2025-11-19 11:57:19,3794,4th/Sabine,3794,2nd/Congress,3,5,2023
29560737,Local31,21487,electric,2023-05-07T18:41:24.000,2023-05-07T00:00:00.000,2025-11-19 18:41:24,3794,4th/Sabine,3794,2nd/Congress,4,5,2023
29541363,Local31,19185,electric,2023-05-06T05:11:38.000,2023-05-06T00:00:00.000,2025-11-19 05:11:38,4060,Red River/Cesar Chavez @ The Fairmont,4060,East 5th/Broadway @ Capital Metro HQ,87,5,2023
29553059,Local31,21668,electric,2023-05-07T05:01:39.000,2023-05-07T00:00:00.000,2025-11-19 05:01:39,2539,3rd/Trinity @ The Convention Center,2539,East 5th/Broadway @ Capital Metro HQ,12,5,2023
29719224,Local365,19437,electric,2023-05-25T19:00:26.000,2023-05-25T00:00:00.000,2025-11-19 19:00:26,2537,6th/West,2537,Riverside/South Lamar,4,5,2023
29494413,Local365,19224,electric,2023-05-01T15:27:15.000,2023-05-01T00:00:00.000,2025-11-19 15:27:15,4047,8th/Lavaca,4047,Barton Springs/Bouldin @ Palmer Auditorium,7,5,2023
29771860,Local365,17374,electric,2023-05-31T07:28:55.000,2023-05-31T00:00:00.000,2025-11-19 07:28:55,2567,Barton Springs/Bouldin @ Palmer Auditorium,2567,8th/Lavaca,6,5,2023
29777416,Local365,21652,electric,2023-05-31T17:32:30.000,2023-05-31T00:00:00.000,2025-11-19 17:32:30,4047,8th/Lavaca,4047,Barton Springs/Bouldin @ Palmer Auditorium,8,5,2023
29709217,Local365,16279,electric,2023-05-24T16:19:25.000,2023-05-24T00:00:00.000,2025-11-19 16:19:25,2499,2nd/Lavaca @ City Hall,2499,Barton Springs/Bouldin @ Palmer Auditorium,5,5,2023
29628450,Local365,19163,electric,2023-05-15T08:23:01.000,2023-05-15T00:00:00.000,2025-11-19 08:23:01,2567,Barton Springs/Bouldin @ Palmer Auditorium,2567,8th/Lavaca,8,5,2023
29769194,Explorer,21499,electric,2023-05-30T18:07:08.000,2023-05-30T00:00:00.000,2025-11-19 18:07:08,2549,South 1st/Riverside @ Long Center,2549,Riverside/South Lamar,38,5,2023
29772516,Local365,19287,electric,2023-05-31T09:16:27.000,2023-05-31T00:00:00.000,2025-11-19 09:16:27,2711,Barton Springs/Kinney,2711,3rd/West,7,5,2023
29754358,Local365,21698,electric,2023-05-29T11:04:47.000,2023-05-29T00:00:00.000,2025-11-19 11:04:47,4057,6th/Chalmers,4057,11th/Salina ,4,5,2023
29740080,Local365,21561,electric,2023-05-27T20:50:54.000,2023-05-27T00:00:00.000,2025-11-19 20:50:54,4055,11th/Salina ,4055,11th/Salina ,13,5,2023
29578838,Local365,21486,electric,2023-05-09T18:25:02.000,2023-05-09T00:00:00.000,2025-11-19 18:25:02,2539,3rd/Trinity @ The Convention Center,2539,11th/Salina ,11,5,2023
29560736,Local365,21422,electric,2023-05-07T18:41:04.000,2023-05-07T00:00:00.000,2025-11-19 18:41:04,3660,East 6th/Medina,3660,11th/Salina ,9,5,2023
29515386,Local365,21828,electric,2023-05-03T17:02:47.000,2023-05-03T00:00:00.000,2025-11-19 17:02:47,4052,Rosewood/Angelina,4052,11th/Salina ,48,5,2023
29537384,Local365,19198,electric,2023-05-05T17:33:58.000,2023-05-05T00:00:00.000,2025-11-19 17:33:58,4055,11th/Salina ,4055,Rosewood/Angelina,38,5,2023
29505917,Local365,19789,electric,2023-05-02T18:01:46.000,2023-05-02T00:00:00.000,2025-11-19 18:01:46,2495,4th/Congress,2495,5th/Bowie,6,5,2023
29509896,Local365,22581,electric,2023-05-03T10:20:31.000,2023-05-03T00:00:00.000,2025-11-19 10:20:31,2501,5th/Bowie,2501,South 1st/Riverside @ Long Center,6,5,2023
29775416,Local365,21823,electric,2023-05-31T14:20:25.000,2023-05-31T00:00:00.000,2025-11-19 14:20:25,2575,Riverside/South Lamar,2575,5th/Bowie,4,5,2023
29772314,Local365,21630,electric,2023-05-31T08:48:43.000,2023-05-31T00:00:00.000,2025-11-19 08:48:43,2501,5th/Bowie,2501,South 1st/Riverside @ Long Center,6,5,2023
29774689,Local365,19376,electric,2023-05-31T13:12:28.000,2023-05-31T00:00:00.000,2025-11-19 13:12:28,2494,2nd/Congress,2494,Barton Springs/Riverside,4,5,2023
29775363,Local365,21630,electric,2023-05-31T14:16:28.000,2023-05-31T00:00:00.000,2025-11-19 14:16:28,2549,South 1st/Riverside @ Long Center,2549,Riverside/South Lamar,3,5,2023
29659499,Local365,920,classic,2023-05-19T08:17:33.000,2023-05-19T00:00:00.000,2025-11-19 08:17:33,2501,5th/Bowie,2501,2nd/Lavaca @ City Hall,5,5,2023
29659685,Local365,21702,electric,2023-05-19T08:50:09.000,2023-05-19T00:00:00.000,2025-11-19 08:50:09,2499,2nd/Lavaca @ City Hall,2499,Barton Springs/Riverside,4,5,2023
29590351,Local365,18913,electric,2023-05-10T18:44:27.000,2023-05-10T00:00:00.000,2025-11-19 18:44:27,2549,South 1st/Riverside @ Long Center,2549,5th/Bowie,6,5,2023
29627477,Local365,22449,electric,2023-05-14T20:30:53.000,2023-05-14T00:00:00.000,2025-11-19 20:30:53,3687,Boardwalk West,3687,3rd/Nueces,15,5,2023
29677146,Local365,21718,electric,2023-05-20T22:43:49.000,2023-05-20T00:00:00.000,2025-11-19 22:43:49,2499,2nd/Lavaca @ City Hall,2499,South 1st/Riverside @ Long Center,33,5,2023
29627411,Local365,21749,electric,2023-05-14T20:20:20.000,2023-05-14T00:00:00.000,2025-11-19 20:20:20,7187,South Congress/Mary,7187,One Texas Center,28,5,2023
29772823,Student Membership,19453,electric,2023-05-31T09:50:27.000,2023-05-31T00:00:00.000,2025-11-19 09:50:27,2552,3rd/West,2552,Barton Springs Pool,10,5,2023
29773313,Student Membership,19453,electric,2023-05-31T10:46:38.000,2023-05-31T00:00:00.000,2025-11-19 10:46:38,2572,Barton Springs Pool,2572,3rd/West,10,5,2023
29774627,Student Membership,21789,electric,2023-05-31T13:05:56.000,2023-05-31T00:00:00.000,2025-11-19 13:05:56,2501,5th/Bowie,2501,3rd/West,2,5,2023
29689678,Student Membership,21772,electric,2023-05-22T12:16:19.000,2023-05-22T00:00:00.000,2025-11-19 12:16:19,2572,Barton Springs Pool,2572,3rd/West,9,5,2023
29724033,Student Membership,21707,electric,2023-05-26T12:56:56.000,2023-05-26T00:00:00.000,2025-11-19 12:56:56,2552,3rd/West,2552,5th/Bowie,2,5,2023
29724242,Student Membership,16946,electric,2023-05-26T13:15:53.000,2023-05-26T00:00:00.000,2025-11-19 13:15:53,2501,5th/Bowie,2501,3rd/West,2,5,2023
29565980,Student Membership,21551,electric,2023-05-08T13:16:24.000,2023-05-08T00:00:00.000,2025-11-19 13:16:24,2552,3rd/West,2552,Barton Springs Pool,9,5,2023
29696230,Explorer,5,classic,2023-05-23T07:15:13.000,2023-05-23T00:00:00.000,2025-11-19 07:15:13,2566,Electric Drive/Sandra Muraida Way @ Pfluger Ped Bridge,2566,Rainey/Cummings,46,5,2023
29557198,3-Day Weekender,21576,electric,2023-05-07T14:25:47.000,2023-05-07T00:00:00.000,2025-11-19 14:25:47,2575,Riverside/South Lamar,2575,Zilker Park,42,5,2023
29556302,3-Day Weekender,21576,electric,2023-05-07T13:30:07.000,2023-05-07T00:00:00.000,2025-11-19 13:30:07,4061,Lakeshore/Austin Hostel,4061,Riverside/South Lamar,55,5,2023
29551831,3-Day Weekender,21650,electric,2023-05-06T22:41:20.000,2023-05-06T00:00:00.000,2025-11-19 22:41:20,3794,4th/Sabine,3794,Plaza Saltillo,9,5,2023
29551828,3-Day Weekender,19328,electric,2023-05-06T22:41:12.000,2023-05-06T00:00:00.000,2025-11-19 22:41:12,3794,4th/Sabine,3794,Plaza Saltillo,8,5,2023
29507623,Local365,19943,electric,2023-05-02T21:11:56.000,2023-05-02T00:00:00.000,2025-11-19 21:11:56,7190,Rio Grande/12th,7190,3rd/Nueces,14,5,2023
29506484,Local365,19849,electric,2023-05-02T18:49:29.000,2023-05-02T00:00:00.000,2025-11-19 18:49:29,3685,9th/Henderson,3685,Rio Grande/12th,12,5,2023
29585748,Local365,21755,electric,2023-05-10T11:52:39.000,2023-05-10T00:00:00.000,2025-11-19 11:52:39,2497,11th/Congress @ The Texas Capitol,2497,6th/Congress,5,5,2023
29772599,Local365,21553,electric,2023-05-31T09:25:35.000,2023-05-31T00:00:00.000,2025-11-19 09:25:35,3293,East 2nd/Pedernales,3293,Plaza Saltillo,6,5,2023
29777747,Local365,21691,electric,2023-05-31T18:07:42.000,2023-05-31T00:00:00.000,2025-11-19 18:07:42,2542,Plaza Saltillo,2542,East 2nd/Pedernales,6,5,2023
29659857,Local365,21464,electric,2023-05-19T09:16:05.000,2023-05-19T00:00:00.000,2025-11-19 09:16:05,2499,2nd/Lavaca @ City Hall,2499,Rio Grande/12th,9,5,2023
29777473,Local365,288,classic,2023-05-31T17:38:34.000,2023-05-31T00:00:00.000,2025-11-19 17:38:34,3619,6th/Congress,3619,South Congress @ Bouldin Creek,8,5,2023
29648118,Local365,21740,electric,2023-05-17T16:45:13.000,2023-05-17T00:00:00.000,2025-11-19 16:45:13,3619,6th/Congress,3619,South Congress @ Bouldin Creek,6,5,2023
29577736,Local365,21790,electric,2023-05-09T17:00:23.000,2023-05-09T00:00:00.000,2025-11-19 17:00:23,3619,6th/Congress,3619,South Congress @ Bouldin Creek,7,5,2023
29588828,Local365,153,classic,2023-05-10T16:40:21.000,2023-05-10T00:00:00.000,2025-11-19 16:40:21,3619,6th/Congress,3619,South Congress @ Bouldin Creek,6,5,2023
29505007,Local365,15063E,electric,2023-05-02T16:51:57.000,2023-05-02T00:00:00.000,2025-11-19 16:51:57,3619,6th/Congress,3619,South Congress @ Bouldin Creek,8,5,2023
29661709,Local365,21497,electric,2023-05-19T12:55:00.000,2023-05-19T00:00:00.000,2025-11-19 12:55:00,3798,21st/Speedway @ PCL,3798,Plaza Saltillo,47,5,2023
29685351,Local31,19918,electric,2023-05-21T19:07:11.000,2023-05-21T00:00:00.000,2025-11-19 19:07:11,4060,Red River/Cesar Chavez @ The Fairmont,4060,South Congress/Elizabeth,34,5,2023
29688495,Local31,19480,electric,2023-05-22T10:14:43.000,2023-05-22T00:00:00.000,2025-11-19 10:14:43,4060,Red River/Cesar Chavez @ The Fairmont,4060,11th/Congress @ The Texas Capitol,27,5,2023
29688797,Local31,19480,electric,2023-05-22T10:50:43.000,2023-05-22T00:00:00.000,2025-11-19 10:50:43,2497,11th/Congress @ The Texas Capitol,2497,16th/San Antonio,53,5,2023
29745302,Local31,16288,electric,2023-05-28T13:54:03.000,2023-05-28T00:00:00.000,2025-11-19 13:54:03,2547,21st/Guadalupe,2547,8th/Red River,16,5,2023
29759265,Local31,21628,electric,2023-05-29T16:50:06.000,2023-05-29T00:00:00.000,2025-11-19 16:50:06,2571,8th/Red River,2571,4th/Congress,12,5,2023
29760478,Local31,19367,electric,2023-05-29T18:11:49.000,2023-05-29T00:00:00.000,2025-11-19 18:11:49,2494,2nd/Congress,2494,8th/Red River,30,5,2023
29699224,Local31,18329,electric,2023-05-23T13:49:55.000,2023-05-23T00:00:00.000,2025-11-19 13:49:55,4060,Red River/Cesar Chavez @ The Fairmont,4060,3rd/Trinity @ The Convention Center,4,5,2023
29699989,Local31,18329,electric,2023-05-23T15:13:51.000,2023-05-23T00:00:00.000,2025-11-19 15:13:51,2539,3rd/Trinity @ The Convention Center,2539,6th/Congress,7,5,2023
29700172,Local31,19821,electric,2023-05-23T15:35:22.000,2023-05-23T00:00:00.000,2025-11-19 15:35:22,3619,6th/Congress,3619,Red River/Cesar Chavez @ The Fairmont,9,5,2023
13505965,Annual,352,classic,2017-01-21T18:22:44.000,2017-01-21T00:00:00.000,2025-11-19 18:22:44,2494,2nd & Congress,2504,South Congress & Elizabeth,11,1,2017
29689642,Local31,19480,electric,2023-05-22T12:12:23.000,2023-05-22T00:00:00.000,2025-11-19 12:12:23,4879,16th/San Antonio,4879,Dean Keeton/Whitis,21,5,2023
29690720,Local31,21688,electric,2023-05-22T13:59:33.000,2023-05-22T00:00:00.000,2025-11-19 13:59:33,2547,21st/Guadalupe,2547,Red River/Cesar Chavez @ The Fairmont,23,5,2023
29692280,Local31,21688,electric,2023-05-22T16:24:24.000,2023-05-22T00:00:00.000,2025-11-19 16:24:24,4060,Red River/Cesar Chavez @ The Fairmont,4060,3rd/Trinity @ The Convention Center,4,5,2023
29692903,Local31,19847,electric,2023-05-22T17:18:09.000,2023-05-22T00:00:00.000,2025-11-19 17:18:09,2539,3rd/Trinity @ The Convention Center,2539,Red River/Cesar Chavez @ The Fairmont,4,5,2023
29696643,Local31,18181,electric,2023-05-23T08:41:44.000,2023-05-23T00:00:00.000,2025-11-19 08:41:44,4060,Red River/Cesar Chavez @ The Fairmont,4060,3rd/Trinity @ The Convention Center,4,5,2023
29775185,Local365,21789,electric,2023-05-31T13:57:45.000,2023-05-31T00:00:00.000,2025-11-19 13:57:45,2552,3rd/West,2552,6th/Congress,7,5,2023
29776958,Local365,21767,electric,2023-05-31T16:49:16.000,2023-05-31T00:00:00.000,2025-11-19 16:49:16,3619,6th/Congress,3619,3rd/West,5,5,2023
29651513,Local365,19437,electric,2023-05-18T06:25:56.000,2023-05-18T00:00:00.000,2025-11-19 06:25:56,3621,3rd/Nueces,3621,6th/Congress,7,5,2023
29526269,Local31,22521,electric,2023-05-04T17:18:28.000,2023-05-04T00:00:00.000,2025-11-19 17:18:28,3619,6th/Congress,3619,Electric Drive/Sandra Muraida Way @ Pfluger Ped Bridge,6,5,2023
13576030,Annual,539,classic,2017-01-29T18:00:48.000,2017-01-29T00:00:00.000,2025-11-19 18:00:48,2501,5th & Bowie,2494,2nd & Congress,6,1,2017
29717959,Local31,19688,electric,2023-05-25T17:17:59.000,2023-05-25T00:00:00.000,2025-11-19 17:17:59,3619,6th/Congress,3619,Electric Drive/Sandra Muraida Way @ Pfluger Ped Bridge,6,5,2023
29664723,Local31,21789,electric,2023-05-19T17:52:36.000,2023-05-19T00:00:00.000,2025-11-19 17:52:36,2566,Electric Drive/Sandra Muraida Way @ Pfluger Ped Bridge,2566,3rd/West,2,5,2023
29680169,Local31,21650,electric,2023-05-21T12:35:27.000,2023-05-21T00:00:00.000,2025-11-19 12:35:27,2566,Electric Drive/Sandra Muraida Way @ Pfluger Ped Bridge,2566,2nd/Lavaca @ City Hall,5,5,2023
29643541,Local31,21800,electric,2023-05-17T07:40:09.000,2023-05-17T00:00:00.000,2025-11-19 07:40:09,2566,Electric Drive/Sandra Muraida Way @ Pfluger Ped Bridge,2566,6th/Congress,7,5,2023
29645284,Local31,21703,electric,2023-05-17T11:58:16.000,2023-05-17T00:00:00.000,2025-11-19 11:58:16,3619,6th/Congress,3619,2nd/Lavaca @ City Hall,4,5,2023
29648828,Local31,21800,electric,2023-05-17T17:49:19.000,2023-05-17T00:00:00.000,2025-11-19 17:49:19,3619,6th/Congress,3619,Electric Drive/Sandra Muraida Way @ Pfluger Ped Bridge,7,5,2023
29662270,Student Membership,21491,electric,2023-05-19T13:48:19.000,2023-05-19T00:00:00.000,2025-11-19 13:48:19,2494,2nd/Congress,2494,South Congress/Academy,6,5,2023
29663312,Student Membership,19646,electric,2023-05-19T15:38:38.000,2023-05-19T00:00:00.000,2025-11-19 15:38:38,2570,South Congress/Academy,2570,2nd/Congress,6,5,2023
29772156,Local365,22470,electric,2023-05-31T08:24:44.000,2023-05-31T00:00:00.000,2025-11-19 08:24:44,3377,Veterans/Atlanta @ MoPac Ped Bridge,3377,South Congress/Barton Springs @ The Austin American-Statesman,29,5,2023
29772486,Local365,19739,electric,2023-05-31T09:14:32.000,2023-05-31T00:00:00.000,2025-11-19 09:14:32,3513,South Congress/Barton Springs @ The Austin American-Statesman,3513,Riverside/South Lamar,7,5,2023
29772589,Local365,21712,electric,2023-05-31T09:23:39.000,2023-05-31T00:00:00.000,2025-11-19 09:23:39,2575,Riverside/South Lamar,2575,Veterans/Atlanta @ MoPac Ped Bridge,12,5,2023
29706618,Local365,17438,electric,2023-05-24T11:41:57.000,2023-05-24T00:00:00.000,2025-11-19 11:41:57,3687,Boardwalk West,3687,South Congress/Barton Springs @ The Austin American-Statesman,7,5,2023
29659668,Local365,19480,electric,2023-05-19T08:47:11.000,2023-05-19T00:00:00.000,2025-11-19 08:47:11,3513,South Congress/Barton Springs @ The Austin American-Statesman,3513,Electric Drive/Sandra Muraida Way @ Pfluger Ped Bridge,10,5,2023
29778777,Student Membership,19552,electric,2023-05-31T19:36:18.000,2023-05-31T00:00:00.000,2025-11-19 19:36:18,2537,6th/West,2537,3rd/West,2,5,2023
29727820,Student Membership,19745,electric,2023-05-26T18:38:38.000,2023-05-26T00:00:00.000,2025-11-19 18:38:38,3455,4th/Guadalupe @ Republic Square,3455,3rd/Nueces,29,5,2023
29649575,Student Membership,19783,electric,2023-05-17T18:53:48.000,2023-05-17T00:00:00.000,2025-11-19 18:53:48,3660,East 6th/Medina,3660,3rd/Nueces,8,5,2023
29587394,Student Membership,19271,electric,2023-05-10T14:37:58.000,2023-05-10T00:00:00.000,2025-11-19 14:37:58,3621,3rd/Nueces,3621,Dean Keeton/Whitis,15,5,2023
29571018,Student Membership,21586,electric,2023-05-08T21:30:42.000,2023-05-08T00:00:00.000,2025-11-19 21:30:42,3685,9th/Henderson,3685,3rd/Nueces,4,5,2023
29517971,Student Membership,21823,electric,2023-05-03T20:27:45.000,2023-05-03T00:00:00.000,2025-11-19 20:27:45,7189,28th/Rio Grande,7189,28th/Rio Grande,27,5,2023
29529063,Student Membership,1586,classic,2023-05-04T21:10:43.000,2023-05-04T00:00:00.000,2025-11-19 21:10:43,2711,Barton Springs/Kinney,2711,Electric Drive/Sandra Muraida Way @ Pfluger Ped Bridge,6,5,2023
29765095,Local365,19224,electric,2023-05-30T11:22:30.000,2023-05-30T00:00:00.000,2025-11-19 11:22:30,2552,3rd/West,2552,Rainey/Cummings,10,5,2023
29699811,3-Day Weekender,19870,electric,2023-05-23T14:54:15.000,2023-05-23T00:00:00.000,2025-11-19 14:54:15,4061,Lakeshore/Austin Hostel,4061,Barton Springs/Kinney,85,5,2023
29780075,Local365,21541,electric,2023-05-31T22:52:30.000,2023-05-31T00:00:00.000,2025-11-19 22:52:30,2494,2nd/Congress,2494,Rainey/Cummings,5,5,2023
29659459,Local365,21702,electric,2023-05-19T08:06:50.000,2023-05-19T00:00:00.000,2025-11-19 08:06:50,2567,Barton Springs/Bouldin @ Palmer Auditorium,2567,2nd/Lavaca @ City Hall,5,5,2023
29515844,U.T. Student Membership,21698,electric,2023-05-03T17:35:51.000,2023-05-03T00:00:00.000,2025-11-19 17:35:51,2537,6th/West,2537,6th/West,60,5,2023
29589701,U.T. Student Membership,349G,classic,2023-05-10T17:48:41.000,2023-05-10T00:00:00.000,2025-11-19 17:48:41,2552,3rd/West,2552,6th/West,22,5,2023
29537862,Local365,21550,electric,2023-05-05T18:08:42.000,2023-05-05T00:00:00.000,2025-11-19 18:08:42,2495,4th/Congress,2495,6th/Chalmers,10,5,2023
29716834,Pay-as-you-ride,19943,electric,2023-05-25T15:34:01.000,2023-05-25T00:00:00.000,2025-11-19 15:34:01,4050,5th/Campbell,4050,Veterans/Atlanta @ MoPac Ped Bridge,4,5,2023
29518907,Local365,18556,electric,2023-05-03T22:47:06.000,2023-05-03T00:00:00.000,2025-11-19 22:47:06,3619,6th/Congress,3619,East 6th/Medina,6,5,2023
29531041,Local365,19645,electric,2023-05-05T08:49:24.000,2023-05-05T00:00:00.000,2025-11-19 08:49:24,3660,East 6th/Medina,3660,6th/Congress,4,5,2023
29777918,Local365,22599,electric,2023-05-31T18:23:56.000,2023-05-31T00:00:00.000,2025-11-19 18:23:56,2494,2nd/Congress,2494,East 6th/Medina,6,5,2023
29770027,Local365,19645,electric,2023-05-30T19:18:42.000,2023-05-30T00:00:00.000,2025-11-19 19:18:42,2539,3rd/Trinity @ The Convention Center,2539,East 6th/Medina,8,5,2023
29773668,Local365,21697,electric,2023-05-31T11:22:26.000,2023-05-31T00:00:00.000,2025-11-19 11:22:26,3660,East 6th/Medina,3660,6th/Congress,4,5,2023
29777727,Local365,19314,electric,2023-05-31T18:06:15.000,2023-05-31T00:00:00.000,2025-11-19 18:06:15,3619,6th/Congress,3619,2nd/Lavaca @ City Hall,5,5,2023
29705679,Local365,21733,electric,2023-05-24T10:04:02.000,2023-05-24T00:00:00.000,2025-11-19 10:04:02,3660,East 6th/Medina,3660,6th/Congress,4,5,2023
29659754,Local365,21789,electric,2023-05-19T09:00:39.000,2023-05-19T00:00:00.000,2025-11-19 09:00:39,3660,East 6th/Medina,3660,6th/Congress,5,5,2023
29633820,Local365,19789,electric,2023-05-15T18:50:51.000,2023-05-15T00:00:00.000,2025-11-19 18:50:51,2495,4th/Congress,2495,4th/Sabine,4,5,2023
29729011,Local365,21725,electric,2023-05-26T20:26:15.000,2023-05-26T00:00:00.000,2025-11-19 20:26:15,4061,Lakeshore/Austin Hostel,4061,East 5th/Broadway @ Capital Metro HQ,10,5,2023
29658835,Local365,18929,electric,2023-05-18T23:22:42.000,2023-05-18T00:00:00.000,2025-11-19 23:22:42,3619,6th/Congress,3619,Plaza Saltillo,8,5,2023
29694882,Student Membership,21558,electric,2023-05-22T20:08:46.000,2023-05-22T00:00:00.000,2025-11-19 20:08:46,3791,Lake Austin/Enfield,3791,Lake Austin/Enfield,54,5,2023
29666200,Local365,19847,electric,2023-05-19T20:36:42.000,2023-05-19T00:00:00.000,2025-11-19 20:36:42,2501,5th/Bowie,2501,4th/Guadalupe @ Republic Square,4,5,2023
29657650,Local365,18331,electric,2023-05-18T19:27:56.000,2023-05-18T00:00:00.000,2025-11-19 19:27:56,2501,5th/Bowie,2501,Sterzing/Barton Springs,10,5,2023
29757175,3-Day Weekender,22196,electric,2023-05-29T14:28:39.000,2023-05-29T00:00:00.000,2025-11-19 14:28:39,3377,Veterans/Atlanta @ MoPac Ped Bridge,3377,3rd/Trinity @ The Convention Center,15,5,2023
29765028,3-Day Weekender,19287,electric,2023-05-30T11:14:39.000,2023-05-30T00:00:00.000,2025-11-19 11:14:39,2539,3rd/Trinity @ The Convention Center,2539,Barton Springs Pool,24,5,2023
29768704,3-Day Weekender,18704,electric,2023-05-30T17:25:47.000,2023-05-30T00:00:00.000,2025-11-19 17:25:47,2711,Barton Springs/Kinney,2711,Barton Springs Pool,6,5,2023
29775563,3-Day Weekender,21508,electric,2023-05-31T14:38:47.000,2023-05-31T00:00:00.000,2025-11-19 14:38:47,2547,21st/Guadalupe,2547,Dean Keeton/Speedway,8,5,2023
29775673,3-Day Weekender,19646,electric,2023-05-31T14:47:32.000,2023-05-31T00:00:00.000,2025-11-19 14:47:32,2498,Dean Keeton/Speedway,2498,6th/Congress,15,5,2023
29528144,Student Membership,17751,electric,2023-05-04T19:41:48.000,2023-05-04T00:00:00.000,2025-11-19 19:41:48,3684,Cesar Chavez/Congress,3684,Riverside/South Lamar,9,5,2023
29660896,Student Membership,21695,electric,2023-05-19T11:30:19.000,2023-05-19T00:00:00.000,2025-11-19 11:30:19,2575,Riverside/South Lamar,2575,South 1st/Riverside @ Long Center,5,5,2023
29526126,Student Membership,19148,electric,2023-05-04T17:10:23.000,2023-05-04T00:00:00.000,2025-11-19 17:10:23,2498,Dean Keeton/Speedway,2498,23rd/San Jacinto @ DKR Stadium,3,5,2023
29491373,U.T. Student Membership,21430,electric,2023-05-01T11:04:18.000,2023-05-01T00:00:00.000,2025-11-19 11:04:18,2498,Dean Keeton/Speedway,2498,21st/Speedway @ PCL,3,5,2023
29570099,Local31,19865,electric,2023-05-08T19:38:36.000,2023-05-08T00:00:00.000,2025-11-19 19:38:36,2575,Riverside/South Lamar,2575,Rainey/Cummings,14,5,2023
29719333,Local365,19213,electric,2023-05-25T19:08:46.000,2023-05-25T00:00:00.000,2025-11-19 19:08:46,2496,8th/Congress,2496,South 1st/Riverside @ Long Center,10,5,2023
29679957,Local31,3201,classic,2023-05-21T12:17:11.000,2023-05-21T00:00:00.000,2025-11-19 12:17:11,2501,5th/Bowie,2501,Veterans/Atlanta @ MoPac Ped Bridge,20,5,2023
29731365,Local31,21480,electric,2023-05-27T09:54:44.000,2023-05-27T00:00:00.000,2025-11-19 09:54:44,7187,South Congress/Mary,7187,2nd/Congress,8,5,2023
29733476,Local31,21728,electric,2023-05-27T12:45:23.000,2023-05-27T00:00:00.000,2025-11-19 12:45:23,2501,5th/Bowie,2501,South Congress/Mary,16,5,2023
29758617,Local31,21790,electric,2023-05-29T16:05:58.000,2023-05-29T00:00:00.000,2025-11-19 16:05:58,4048,South Congress @ Bouldin Creek,4048,Riverside/South Lamar,9,5,2023
29760090,Local31,19213,electric,2023-05-29T17:42:59.000,2023-05-29T00:00:00.000,2025-11-19 17:42:59,2575,Riverside/South Lamar,2575,Sterzing/Barton Springs,5,5,2023
29556156,Local365,21496,electric,2023-05-07T13:19:08.000,2023-05-07T00:00:00.000,2025-11-19 13:19:08,2495,4th/Congress,2495,Barton Springs/Kinney,11,5,2023
29739542,Local365,21859,electric,2023-05-27T19:57:38.000,2023-05-27T00:00:00.000,2025-11-19 19:57:38,3455,4th/Guadalupe @ Republic Square,3455,East 6th/Medina,8,5,2023
29531622,Single Trip Ride,544,classic,2023-05-05T10:07:44.000,2023-05-05T00:00:00.000,2025-11-19 10:07:44,4059,Nash Hernandez/East @ RBJ South,4059,Red River/Cesar Chavez @ The Fairmont,16,5,2023
29551138,3-Day Weekender,21803,electric,2023-05-06T21:10:36.000,2023-05-06T00:00:00.000,2025-11-19 21:10:36,3684,Cesar Chavez/Congress,3684,6th/Lavaca,10,5,2023
29577384,Student Membership,19693,electric,2023-05-09T16:32:56.000,2023-05-09T00:00:00.000,2025-11-19 16:32:56,3798,21st/Speedway @ PCL,3798,22.5/Rio Grande,10,5,2023
29582748,Student Membership,19918,electric,2023-05-10T06:57:23.000,2023-05-10T00:00:00.000,2025-11-19 06:57:23,4938,22.5/Rio Grande,4938,21st/Speedway @ PCL,3,5,2023
29623272,Student Membership,21551,electric,2023-05-14T11:54:02.000,2023-05-14T00:00:00.000,2025-11-19 11:54:02,4938,22.5/Rio Grande,4938,21st/Speedway @ PCL,5,5,2023
29648198,Local365,19780,electric,2023-05-17T16:54:07.000,2023-05-17T00:00:00.000,2025-11-19 16:54:07,2575,Riverside/South Lamar,2575,Cesar Chavez/Congress,7,5,2023
29659545,Explorer,19251,electric,2023-05-19T08:25:30.000,2023-05-19T00:00:00.000,2025-11-19 08:25:30,4058,Hollow Creek/Barton Hills,4058,Plaza Saltillo,48,5,2023
29547729,Local365,19739,electric,2023-05-06T16:39:27.000,2023-05-06T00:00:00.000,2025-11-19 16:39:27,3684,Cesar Chavez/Congress,3684,South Congress/Barton Springs @ The Austin American-Statesman,10,5,2023
29506232,Student Membership,18266,electric,2023-05-02T18:27:47.000,2023-05-02T00:00:00.000,2025-11-19 18:27:47,3798,21st/Speedway @ PCL,3798,Lake Austin Blvd/Deep Eddy,23,5,2023
29560653,Student Membership,19646,electric,2023-05-07T18:34:46.000,2023-05-07T00:00:00.000,2025-11-19 18:34:46,3790,Lake Austin Blvd/Deep Eddy,3790,Lake Austin/Enfield,7,5,2023
29562379,Student Membership,19646,electric,2023-05-07T21:33:35.000,2023-05-07T00:00:00.000,2025-11-19 21:33:35,3791,Lake Austin/Enfield,3791,Lake Austin Blvd/Deep Eddy,6,5,2023
29506687,Local365,19442,electric,2023-05-02T19:09:37.000,2023-05-02T00:00:00.000,2025-11-19 19:09:37,2707,Rainey/Cummings,2707,22.5/Rio Grande,31,5,2023
29650428,Pay-as-you-ride,21744,electric,2023-05-17T20:21:59.000,2023-05-17T00:00:00.000,2025-11-19 20:21:59,2501,5th/Bowie,2501,Rainey/Driskill,10,5,2023
29507294,Local365,21800,electric,2023-05-02T20:19:58.000,2023-05-02T00:00:00.000,2025-11-19 20:19:58,2539,3rd/Trinity @ The Convention Center,2539,Sterzing/Barton Springs,37,5,2023
29603790,Student Membership,1627,classic,2023-05-11T22:02:30.000,2023-05-11T00:00:00.000,2025-11-19 22:02:30,3798,21st/Speedway @ PCL,3798,22nd/Pearl,6,5,2023
29706661,Student Membership,19678,electric,2023-05-24T11:46:15.000,2023-05-24T00:00:00.000,2025-11-19 11:46:15,7125,23rd/Pearl,7125,3rd/West,11,5,2023
29631524,Local31,21464,electric,2023-05-15T15:00:02.000,2023-05-15T00:00:00.000,2025-11-19 15:00:02,2549,South 1st/Riverside @ Long Center,2549,2nd/Lavaca @ City Hall,6,5,2023
29648886,Local31,16855,electric,2023-05-17T17:55:55.000,2023-05-17T00:00:00.000,2025-11-19 17:55:55,2567,Barton Springs/Bouldin @ Palmer Auditorium,2567,5th/Bowie,9,5,2023
29654259,Local31,19706,electric,2023-05-18T13:38:56.000,2023-05-18T00:00:00.000,2025-11-19 13:38:56,2501,5th/Bowie,2501,6th/Congress,5,5,2023
29700680,Local31,21508,electric,2023-05-23T16:25:26.000,2023-05-23T00:00:00.000,2025-11-19 16:25:26,2501,5th/Bowie,2501,6th/Congress,6,5,2023
29624560,Local31,16845,electric,2023-05-14T14:37:17.000,2023-05-14T00:00:00.000,2025-11-19 14:37:17,7131,13th/Trinity @ Waterloo Greenway,7131,12th/San Jacinto @ State Capitol Visitors Garage,43,5,2023
29776536,Local31,19755,electric,2023-05-31T16:10:50.000,2023-05-31T00:00:00.000,2025-11-19 16:10:50,2497,11th/Congress @ The Texas Capitol,2497,11th/Congress @ The Texas Capitol,47,5,2023
29777040,Local31,19755,electric,2023-05-31T16:57:30.000,2023-05-31T00:00:00.000,2025-11-19 16:57:30,2497,11th/Congress @ The Texas Capitol,2497,12th/San Jacinto @ State Capitol Visitors Garage,51,5,2023
29714985,Local31,21492,electric,2023-05-25T12:15:24.000,2023-05-25T00:00:00.000,2025-11-19 12:15:24,2561,12th/San Jacinto @ State Capitol Visitors Garage,2561,12th/San Jacinto @ State Capitol Visitors Garage,44,5,2023
29737561,Local365,21749,electric,2023-05-27T17:22:45.000,2023-05-27T00:00:00.000,2025-11-19 17:22:45,3794,4th/Sabine,3794,4th/Sabine,53,5,2023
29548625,Local365,21774,electric,2023-05-06T17:44:12.000,2023-05-06T00:00:00.000,2025-11-19 17:44:12,3794,4th/Sabine,3794,4th/Sabine,3,5,2023
29548708,Local365,22511,electric,2023-05-06T17:48:41.000,2023-05-06T00:00:00.000,2025-11-19 17:48:41,3794,4th/Sabine,3794,Rainey/Cummings,33,5,2023
29737564,Explorer,21680,electric,2023-05-27T17:22:53.000,2023-05-27T00:00:00.000,2025-11-19 17:22:53,3794,4th/Sabine,3794,East 11th/Victory Grill,25,5,2023
29624580,Local31,21767,electric,2023-05-14T14:40:51.000,2023-05-14T00:00:00.000,2025-11-19 14:40:51,2537,6th/West,2537,6th/West,9,5,2023
29704434,Local31,1434,classic,2023-05-24T00:55:11.000,2023-05-24T00:00:00.000,2025-11-19 00:55:11,2575,Riverside/South Lamar,2575,Electric Drive/Sandra Muraida Way @ Pfluger Ped Bridge,2,5,2023
29590869,Local365,21868,electric,2023-05-10T19:29:29.000,2023-05-10T00:00:00.000,2025-11-19 19:29:29,2494,2nd/Congress,2494,3rd/West,7,5,2023
29572406,Local365,19163,electric,2023-05-09T08:20:59.000,2023-05-09T00:00:00.000,2025-11-19 08:20:59,2501,5th/Bowie,2501,2nd/Congress,9,5,2023
29555722,Local365,17347,electric,2023-05-07T12:49:24.000,2023-05-07T00:00:00.000,2025-11-19 12:49:24,3455,4th/Guadalupe @ Republic Square,3455,3rd/West,16,5,2023
29664228,Local365,19367,electric,2023-05-19T17:04:41.000,2023-05-19T00:00:00.000,2025-11-19 17:04:41,2707,Rainey/Cummings,2707,3rd/West,13,5,2023
29663704,Student Membership,21499,electric,2023-05-19T16:16:32.000,2023-05-19T00:00:00.000,2025-11-19 16:16:32,3838,26th/Nueces,3838,Rainey/Cummings,47,5,2023
29627288,Student Membership,15063E,electric,2023-05-14T20:02:24.000,2023-05-14T00:00:00.000,2025-11-19 20:02:24,7189,28th/Rio Grande,7189,21st/Speedway @ PCL,9,5,2023
29646498,Student Membership,21576,electric,2023-05-17T13:55:47.000,2023-05-17T00:00:00.000,2025-11-19 13:55:47,3795,Dean Keeton/Whitis,3795,Veterans/Atlanta @ MoPac Ped Bridge,58,5,2023
29557985,Local365,19258,electric,2023-05-07T15:20:19.000,2023-05-07T00:00:00.000,2025-11-19 15:20:19,3377,Veterans/Atlanta @ MoPac Ped Bridge,3377,Sterzing/Barton Springs,42,5,2023
29726503,Local31,16279,electric,2023-05-26T16:43:35.000,2023-05-26T00:00:00.000,2025-11-19 16:43:35,4061,Lakeshore/Austin Hostel,4061,Lakeshore/Austin Hostel,29,5,2023
29732317,Local31,22174,electric,2023-05-27T11:18:38.000,2023-05-27T00:00:00.000,2025-11-19 11:18:38,4061,Lakeshore/Austin Hostel,4061,Lakeshore/Austin Hostel,30,5,2023
29765822,Local31,21712,electric,2023-05-30T12:41:33.000,2023-05-30T00:00:00.000,2025-11-19 12:41:33,4062,Lakeshore/Pleasant Valley,4062,Riverside/South Lamar,16,5,2023
29489891,Local365,21495,electric,2023-05-01T07:05:18.000,2023-05-01T00:00:00.000,2025-11-19 07:05:18,3687,Boardwalk West,3687,4th/Congress,5,5,2023
29490823,Local365,19480,electric,2023-05-01T10:03:42.000,2023-05-01T00:00:00.000,2025-11-19 10:03:42,3619,6th/Congress,3619,Boardwalk West,8,5,2023
29696149,Local365,17438,electric,2023-05-23T06:49:38.000,2023-05-23T00:00:00.000,2025-11-19 06:49:38,3513,South Congress/Barton Springs @ The Austin American-Statesman,3513,6th/Congress,5,5,2023
29697948,Local365,17438,electric,2023-05-23T11:24:59.000,2023-05-23T00:00:00.000,2025-11-19 11:24:59,3619,6th/Congress,3619,Boardwalk West,8,5,2023
29667643,Local365,21454,electric,2023-05-20T06:35:01.000,2023-05-20T00:00:00.000,2025-11-19 06:35:01,2504,South Congress/Elizabeth,2504,6th/Congress,11,5,2023
29669192,Local365,19488,electric,2023-05-20T11:23:48.000,2023-05-20T00:00:00.000,2025-11-19 11:23:48,3619,6th/Congress,3619,Boardwalk West,8,5,2023
29679134,Local365,19488,electric,2023-05-21T10:54:41.000,2023-05-21T00:00:00.000,2025-11-19 10:54:41,3619,6th/Congress,3619,Boardwalk West,8,5,2023
29687470,Local365,18564,electric,2023-05-22T06:48:45.000,2023-05-22T00:00:00.000,2025-11-19 06:48:45,3513,South Congress/Barton Springs @ The Austin American-Statesman,3513,6th/Congress,7,5,2023
29688198,Local365,18564,electric,2023-05-22T09:32:40.000,2023-05-22T00:00:00.000,2025-11-19 09:32:40,3619,6th/Congress,3619,Boardwalk West,6,5,2023
29643421,Local365,22563,electric,2023-05-17T06:50:03.000,2023-05-17T00:00:00.000,2025-11-19 06:50:03,3513,South Congress/Barton Springs @ The Austin American-Statesman,3513,6th/Congress,5,5,2023
29652856,Local365,19730,electric,2023-05-18T11:01:00.000,2023-05-18T00:00:00.000,2025-11-19 11:01:00,3619,6th/Congress,3619,Boardwalk West,9,5,2023
29659236,Local365,19078,electric,2023-05-19T06:29:01.000,2023-05-19T00:00:00.000,2025-11-19 06:29:01,2504,South Congress/Elizabeth,2504,6th/Congress,10,5,2023
29660244,Local365,23277,electric,2023-05-19T10:11:29.000,2023-05-19T00:00:00.000,2025-11-19 10:11:29,3619,6th/Congress,3619,Boardwalk West,8,5,2023
29628257,Local365,21546,electric,2023-05-15T06:56:01.000,2023-05-15T00:00:00.000,2025-11-19 06:56:01,2570,South Congress/Academy,2570,6th/Congress,8,5,2023
29629005,Local365,21546,electric,2023-05-15T10:01:22.000,2023-05-15T00:00:00.000,2025-11-19 10:01:22,3619,6th/Congress,3619,Boardwalk West,9,5,2023
29636636,Local365,19870,electric,2023-05-16T10:41:28.000,2023-05-16T00:00:00.000,2025-11-19 10:41:28,3619,6th/Congress,3619,Boardwalk West,6,5,2023
29595255,Local365,19163,electric,2023-05-11T10:49:02.000,2023-05-11T00:00:00.000,2025-11-19 10:49:02,3619,6th/Congress,3619,Boardwalk West,7,5,2023
29604165,Local365,19185,electric,2023-05-11T23:19:24.000,2023-05-11T00:00:00.000,2025-11-19 23:19:24,2504,South Congress/Elizabeth,2504,South Congress/Academy,21,5,2023
29604709,Local365,22155,electric,2023-05-12T06:41:15.000,2023-05-12T00:00:00.000,2025-11-19 06:41:15,3513,South Congress/Barton Springs @ The Austin American-Statesman,3513,South Congress/James,25,5,2023
29622077,Local365,22453,electric,2023-05-14T06:37:34.000,2023-05-14T00:00:00.000,2025-11-19 06:37:34,2570,South Congress/Academy,2570,6th/Congress,8,5,2023
29623233,Local365,22453,electric,2023-05-14T11:47:38.000,2023-05-14T00:00:00.000,2025-11-19 11:47:38,3619,6th/Congress,3619,Boardwalk West,8,5,2023
29563506,Local365,21868,electric,2023-05-08T06:46:33.000,2023-05-08T00:00:00.000,2025-11-19 06:46:33,3513,South Congress/Barton Springs @ The Austin American-Statesman,3513,6th/Congress,5,5,2023
29564527,Local365,21816,electric,2023-05-08T10:29:36.000,2023-05-08T00:00:00.000,2025-11-19 10:29:36,3619,6th/Congress,3619,Boardwalk West,8,5,2023
29541440,Local365,19224,electric,2023-05-06T06:39:08.000,2023-05-06T00:00:00.000,2025-11-19 06:39:08,3619,6th/Congress,3619,6th/Congress,12,5,2023
29542500,Local365,19214,electric,2023-05-06T10:23:29.000,2023-05-06T00:00:00.000,2025-11-19 10:23:29,3619,6th/Congress,3619,Boardwalk West,8,5,2023
29563498,Local365,21752,electric,2023-05-08T06:40:47.000,2023-05-08T00:00:00.000,2025-11-19 06:40:47,2570,South Congress/Academy,2570,South Congress/Barton Springs @ The Austin American-Statesman,4,5,2023
29519481,Local365,19847,electric,2023-05-04T06:30:48.000,2023-05-04T00:00:00.000,2025-11-19 06:30:48,2570,South Congress/Academy,2570,6th/Congress,28,5,2023
29521008,Local365,19847,electric,2023-05-04T10:49:21.000,2023-05-04T00:00:00.000,2025-11-19 10:49:21,3619,6th/Congress,3619,Boardwalk West,7,5,2023
29530545,Local365,21668,electric,2023-05-05T06:23:07.000,2023-05-05T00:00:00.000,2025-11-19 06:23:07,2570,South Congress/Academy,2570,6th/Congress,26,5,2023
29531854,Local365,21668,electric,2023-05-05T10:28:01.000,2023-05-05T00:00:00.000,2025-11-19 10:28:01,3619,6th/Congress,3619,Boardwalk West,9,5,2023
29700813,Local365,21561,electric,2023-05-23T16:36:58.000,2023-05-23T00:00:00.000,2025-11-19 16:36:58,2569,East 11th/San Marcos,2569,South Congress/Barton Springs @ The Austin American-Statesman,14,5,2023
29553634,Student Membership,19328,electric,2023-05-07T09:21:26.000,2023-05-07T00:00:00.000,2025-11-19 09:21:26,2549,South 1st/Riverside @ Long Center,2549,3rd/Trinity @ The Convention Center,7,5,2023
29615323,Local31,19739,electric,2023-05-13T12:31:07.000,2023-05-13T00:00:00.000,2025-11-19 12:31:07,2499,2nd/Lavaca @ City Hall,2499,South Congress/Mary,11,5,2023
29650820,Local31,513,classic,2023-05-17T21:31:59.000,2023-05-17T00:00:00.000,2025-11-19 21:31:59,7187,South Congress/Mary,7187,Lakeshore/Pleasant Valley,49,5,2023
29652346,Local31,19314,electric,2023-05-18T09:45:43.000,2023-05-18T00:00:00.000,2025-11-19 09:45:43,7187,South Congress/Mary,7187,2nd/Congress,10,5,2023
29670219,Local31,440,classic,2023-05-20T12:49:38.000,2023-05-20T00:00:00.000,2025-11-19 12:49:38,2504,South Congress/Elizabeth,2504,Lakeshore/Pleasant Valley,54,5,2023
29521506,Student Membership,21639,electric,2023-05-04T11:32:37.000,2023-05-04T00:00:00.000,2025-11-19 11:32:37,2575,Riverside/South Lamar,2575,Veterans/Atlanta @ MoPac Ped Bridge,14,5,2023
29713190,Local31,18792,electric,2023-05-25T08:19:17.000,2023-05-25T00:00:00.000,2025-11-19 08:19:17,2707,Rainey/Cummings,2707,3rd/West,14,5,2023
29713267,Local31,21767,electric,2023-05-25T08:34:15.000,2023-05-25T00:00:00.000,2025-11-19 08:34:15,2552,3rd/West,2552,Electric Drive/Sandra Muraida Way @ Pfluger Ped Bridge,2,5,2023
29702682,Student Membership,21455,electric,2023-05-23T19:11:47.000,2023-05-23T00:00:00.000,2025-11-19 19:11:47,7189,28th/Rio Grande,7189,Lake Austin/Enfield,47,5,2023
29655380,Explorer,18331,electric,2023-05-18T15:42:48.000,2023-05-18T00:00:00.000,2025-11-19 15:42:48,3292,East 4th/Chicon,3292,3rd/West,31,5,2023
29775433,Local365,21903,electric,2023-05-31T14:22:42.000,2023-05-31T00:00:00.000,2025-11-19 14:22:42,2496,8th/Congress,2496,3rd/Nueces,9,5,2023
29505668,Local31,1797,classic,2023-05-02T17:41:46.000,2023-05-02T00:00:00.000,2025-11-19 17:41:46,4061,Lakeshore/Austin Hostel,4061,Lakeshore/Pleasant Valley,3,5,2023
29517387,Local31,19165,electric,2023-05-03T19:28:06.000,2023-05-03T00:00:00.000,2025-11-19 19:28:06,3794,4th/Sabine,3794,South Congress/Mary,23,5,2023
29545834,Local31,21755,electric,2023-05-06T14:28:21.000,2023-05-06T00:00:00.000,2025-11-19 14:28:21,2574,Zilker Park,2574,Barton Springs/Kinney,12,5,2023
29510852,Student Membership,22449,electric,2023-05-03T11:42:59.000,2023-05-03T00:00:00.000,2025-11-19 11:42:59,7189,28th/Rio Grande,7189,21st/Guadalupe,8,5,2023
29518635,Student Membership,16946,electric,2023-05-03T21:47:49.000,2023-05-03T00:00:00.000,2025-11-19 21:47:49,7189,28th/Rio Grande,7189,Dean Keeton/Speedway,4,5,2023
29495993,Local365,21697,electric,2023-05-01T17:47:15.000,2023-05-01T00:00:00.000,2025-11-19 17:47:15,4062,Lakeshore/Pleasant Valley,4062,6th/Chalmers,10,5,2023
29524423,Explorer,22174,electric,2023-05-04T15:04:44.000,2023-05-04T00:00:00.000,2025-11-19 15:04:44,2547,21st/Guadalupe,2547,21st/Guadalupe,48,5,2023
29533809,Explorer,21480,electric,2023-05-05T13:19:56.000,2023-05-05T00:00:00.000,2025-11-19 13:19:56,7125,23rd/Pearl,7125,21st/Guadalupe,57,5,2023
29764826,Local365,19040,electric,2023-05-30T10:51:09.000,2023-05-30T00:00:00.000,2025-11-19 10:51:09,3619,6th/Congress,3619,Rosewood/Chicon,43,5,2023
29652652,Local365,21428,electric,2023-05-18T10:30:24.000,2023-05-18T00:00:00.000,2025-11-19 10:30:24,4052,Rosewood/Angelina,4052,East 11th/Victory Grill,2,5,2023
29678686,Local365,19250,electric,2023-05-21T09:58:30.000,2023-05-21T00:00:00.000,2025-11-19 09:58:30,7253,Barton Springs/Riverside,7253,South Congress/Barton Springs @ The Austin American-Statesman,38,5,2023
29646060,Local365,19198,electric,2023-05-17T13:10:48.000,2023-05-17T00:00:00.000,2025-11-19 13:10:48,4059,Nash Hernandez/East @ RBJ South,4059,Boardwalk West,6,5,2023
29569910,Local365,18971,electric,2023-05-08T19:21:58.000,2023-05-08T00:00:00.000,2025-11-19 19:21:58,2501,5th/Bowie,2501,3rd/Trinity @ The Convention Center,6,5,2023
29571287,Local365,272G,classic,2023-05-08T22:20:59.000,2023-05-08T00:00:00.000,2025-11-19 22:20:59,2495,4th/Congress,2495,6th/West,5,5,2023
29494845,Student Membership,18673,electric,2023-05-01T16:09:14.000,2023-05-01T00:00:00.000,2025-11-19 16:09:14,7188,22nd/Pearl,7188,26th/Nueces,4,5,2023
29506561,Student Membership,16936,electric,2023-05-02T18:55:53.000,2023-05-02T00:00:00.000,2025-11-19 18:55:53,7125,23rd/Pearl,7125,21st/Speedway @ PCL,5,5,2023
29706572,Local365,230,classic,2023-05-24T11:37:46.000,2023-05-24T00:00:00.000,2025-11-19 11:37:46,2501,5th/Bowie,2501,3rd/Nueces,3,5,2023
29758168,Explorer,22599,electric,2023-05-29T15:35:08.000,2023-05-29T00:00:00.000,2025-11-19 15:35:08,2574,Zilker Park,2574,Sterzing/Barton Springs,67,5,2023
29704474,Local31,18181,electric,2023-05-24T01:37:11.000,2023-05-24T00:00:00.000,2025-11-19 01:37:11,2707,Rainey/Cummings,2707,Rainey/Driskill,363,5,2023
29778386,Local31,21697,electric,2023-05-31T19:02:11.000,2023-05-31T00:00:00.000,2025-11-19 19:02:11,3513,South Congress/Barton Springs @ The Austin American-Statesman,3513,Lakeshore/Pleasant Valley,17,5,2023
29734063,Local365,21576,electric,2023-05-27T13:21:56.000,2023-05-27T00:00:00.000,2025-11-19 13:21:56,2567,Barton Springs/Bouldin @ Palmer Auditorium,2567,East 4th/Chicon,51,5,2023
29774027,Local365,2122B,electric,2023-05-31T12:04:52.000,2023-05-31T00:00:00.000,2025-11-19 12:04:52,4059,Nash Hernandez/East @ RBJ South,4059,East 4th/Chicon,12,5,2023
29633674,Local365,21496,electric,2023-05-15T18:36:36.000,2023-05-15T00:00:00.000,2025-11-19 18:36:36,2539,3rd/Trinity @ The Convention Center,2539,Plaza Saltillo,10,5,2023
29640733,Local365,300G,classic,2023-05-16T17:45:02.000,2023-05-16T00:00:00.000,2025-11-19 17:45:02,2552,3rd/West,2552,3rd/Nueces,2,5,2023
13573491,Annual,406,classic,2017-01-29T13:49:14.000,2017-01-29T00:00:00.000,2025-11-19 13:49:14,2494,2nd & Congress,2501,5th & Bowie,13,1,2017
29639419,Local31,21767,electric,2023-05-16T15:40:46.000,2023-05-16T00:00:00.000,2025-11-19 15:40:46,4061,Lakeshore/Austin Hostel,4061,Lakeshore/Austin Hostel,77,5,2023
13573499,Annual,522,classic,2017-01-29T13:50:24.000,2017-01-29T00:00:00.000,2025-11-19 13:50:24,2494,2nd & Congress,2501,5th & Bowie,12,1,2017
29639442,Explorer,16855,electric,2023-05-16T15:42:45.000,2023-05-16T00:00:00.000,2025-11-19 15:42:45,4061,Lakeshore/Austin Hostel,4061,Boardwalk West,10,5,2023
13575291,Annual,385,classic,2017-01-29T16:52:01.000,2017-01-29T00:00:00.000,2025-11-19 16:52:01,2503,South Congress & James,2501,5th & Bowie,37,1,2017
29754753,Local31,21438,electric,2023-05-29T11:37:13.000,2023-05-29T00:00:00.000,2025-11-19 11:37:13,4061,Lakeshore/Austin Hostel,4061,Lakeshore/Austin Hostel,85,5,2023
13320483,Annual,509,classic,2017-01-01T15:07:28.000,2017-01-01T00:00:00.000,2025-11-19 15:07:28,2495,4th & Congress,2498,Convention Center / 4th St. @ MetroRail,3,1,2017
29675503,Local31,21568,electric,2023-05-20T19:22:28.000,2023-05-20T00:00:00.000,2025-11-19 19:22:28,4061,Lakeshore/Austin Hostel,4061,Lakeshore/Austin Hostel,2,5,2023
29731019,Local31,21492,electric,2023-05-27T09:02:38.000,2023-05-27T00:00:00.000,2025-11-19 09:02:38,7189,28th/Rio Grande,7189,Rio Grande/12th,56,5,2023
29731412,Local31,21492,electric,2023-05-27T09:59:14.000,2023-05-27T00:00:00.000,2025-11-19 09:59:14,7190,Rio Grande/12th,7190,3rd/West,9,5,2023
29731413,Local31,22567,electric,2023-05-27T09:59:26.000,2023-05-27T00:00:00.000,2025-11-19 09:59:26,7190,Rio Grande/12th,7190,3rd/West,9,5,2023
29733786,Local31,21886,electric,2023-05-27T13:04:32.000,2023-05-27T00:00:00.000,2025-11-19 13:04:32,2497,11th/Congress @ The Texas Capitol,2497,28th/Rio Grande,19,5,2023
29494722,Local365,21639,electric,2023-05-01T15:56:49.000,2023-05-01T00:00:00.000,2025-11-19 15:56:49,2571,8th/Red River,2571,Rio Grande/12th,8,5,2023
29771552,Local365,19214,electric,2023-05-31T00:46:26.000,2023-05-31T00:00:00.000,2025-11-19 00:46:26,3619,6th/Congress,3619,Rio Grande/12th,6,5,2023
29765696,Local365,21709,electric,2023-05-30T12:26:30.000,2023-05-30T00:00:00.000,2025-11-19 12:26:30,7190,Rio Grande/12th,7190,4th/Sabine,7,5,2023
29760807,Local365,21702,electric,2023-05-29T18:36:00.000,2023-05-29T00:00:00.000,2025-11-19 18:36:00,7190,Rio Grande/12th,7190,23rd/San Jacinto @ DKR Stadium,7,5,2023
29760893,Local365,21702,electric,2023-05-29T18:43:18.000,2023-05-29T00:00:00.000,2025-11-19 18:43:18,3799,23rd/San Jacinto @ DKR Stadium,3799,12th/San Jacinto @ State Capitol Visitors Garage,41,5,2023
29756061,Local365,17347,electric,2023-05-29T13:16:25.000,2023-05-29T00:00:00.000,2025-11-19 13:16:25,7190,Rio Grande/12th,7190,East 6th/Medina,7,5,2023
29718855,Local365,21733,electric,2023-05-25T18:28:05.000,2023-05-25T00:00:00.000,2025-11-19 18:28:05,2552,3rd/West,2552,Rio Grande/12th,3,5,2023
29704514,Local365,21487,electric,2023-05-24T02:47:52.000,2023-05-24T00:00:00.000,2025-11-19 02:47:52,2539,3rd/Trinity @ The Convention Center,2539,Rio Grande/12th,314,5,2023
29700186,Local365,19480,electric,2023-05-23T15:37:26.000,2023-05-23T00:00:00.000,2025-11-19 15:37:26,2822,East 6th/Robert T. Martinez,2822,21st/Speedway @ PCL,16,5,2023
29701348,Local365,18132,electric,2023-05-23T17:21:55.000,2023-05-23T00:00:00.000,2025-11-19 17:21:55,3797,21st/University,3797,Rio Grande/12th,13,5,2023
29664411,Local365,18995,electric,2023-05-19T17:22:26.000,2023-05-19T00:00:00.000,2025-11-19 17:22:26,4057,6th/Chalmers,4057,Rio Grande/12th,28,5,2023
29655549,Local365,21806,electric,2023-05-18T15:59:07.000,2023-05-18T00:00:00.000,2025-11-19 15:59:07,2822,East 6th/Robert T. Martinez,2822,9th/Henderson,31,5,2023
29663432,Local365,18995,electric,2023-05-19T15:49:48.000,2023-05-19T00:00:00.000,2025-11-19 15:49:48,4054,Rosewood/Chicon,4054,6th/West,51,5,2023
29642164,Local365,21668,electric,2023-05-16T20:07:50.000,2023-05-16T00:00:00.000,2025-11-19 20:07:50,7131,13th/Trinity @ Waterloo Greenway,7131,Rio Grande/12th,25,5,2023
29529936,Local365,19194,electric,2023-05-04T23:58:23.000,2023-05-04T00:00:00.000,2025-11-19 23:58:23,3799,23rd/San Jacinto @ DKR Stadium,3799,16th/San Antonio,48,5,2023
29522356,Local365,18684,electric,2023-05-04T12:40:59.000,2023-05-04T00:00:00.000,2025-11-19 12:40:59,7190,Rio Grande/12th,7190,East 6th/Robert T. Martinez,21,5,2023
29497407,Local365,19270,electric,2023-05-01T20:02:36.000,2023-05-01T00:00:00.000,2025-11-19 20:02:36,3685,9th/Henderson,3685,8th/Red River,7,5,2023
29502336,Local365,19488,electric,2023-05-02T13:16:35.000,2023-05-02T00:00:00.000,2025-11-19 13:16:35,2501,5th/Bowie,2501,Zilker Park,8,5,2023
29733271,Local31,19165,electric,2023-05-27T12:32:22.000,2023-05-27T00:00:00.000,2025-11-19 12:32:22,3686,Sterzing/Barton Springs,3686,Barton Springs/Kinney,3,5,2023
29733310,Local31,16828,electric,2023-05-27T12:35:30.000,2023-05-27T00:00:00.000,2025-11-19 12:35:30,2711,Barton Springs/Kinney,2711,East 11th/Victory Grill,22,5,2023
29734478,Local31,19739,electric,2023-05-27T13:49:04.000,2023-05-27T00:00:00.000,2025-11-19 13:49:04,2568,East 11th/Victory Grill,2568,Lake Austin Blvd/Deep Eddy,23,5,2023
29749153,Local31,19789,electric,2023-05-28T18:17:16.000,2023-05-28T00:00:00.000,2025-11-19 18:17:16,3790,Lake Austin Blvd/Deep Eddy,3790,2nd/Congress,14,5,2023
29750493,Local31,21476,electric,2023-05-28T19:49:56.000,2023-05-28T00:00:00.000,2025-11-19 19:49:56,3619,6th/Congress,3619,Lake Austin Blvd/Deep Eddy,13,5,2023
29750499,Local31,21576,electric,2023-05-28T19:50:22.000,2023-05-28T00:00:00.000,2025-11-19 19:50:22,3619,6th/Congress,3619,Lake Austin Blvd/Deep Eddy,12,5,2023
29732458,Local31,21551,electric,2023-05-27T11:30:01.000,2023-05-27T00:00:00.000,2025-11-19 11:30:01,3790,Lake Austin Blvd/Deep Eddy,3790,5th/Campbell,9,5,2023
29732603,Local31,21576,electric,2023-05-27T11:40:02.000,2023-05-27T00:00:00.000,2025-11-19 11:40:02,4050,5th/Campbell,4050,Sterzing/Barton Springs,11,5,2023
29734475,Local31,21487,electric,2023-05-27T13:48:48.000,2023-05-27T00:00:00.000,2025-11-19 13:48:48,2568,East 11th/Victory Grill,2568,Lake Austin Blvd/Deep Eddy,24,5,2023
29769327,Local31,19376,electric,2023-05-30T18:17:46.000,2023-05-30T00:00:00.000,2025-11-19 18:17:46,3621,3rd/Nueces,3621,3rd/Nueces,53,5,2023
29776919,Local31,19376,electric,2023-05-31T16:47:03.000,2023-05-31T00:00:00.000,2025-11-19 16:47:03,2501,5th/Bowie,2501,5th/Bowie,59,5,2023
29746656,Local31,21714,electric,2023-05-28T15:26:53.000,2023-05-28T00:00:00.000,2025-11-19 15:26:53,3685,9th/Henderson,3685,East 6th/Medina,42,5,2023
29761457,Local31,21742,electric,2023-05-29T19:30:19.000,2023-05-29T00:00:00.000,2025-11-19 19:30:19,2575,Riverside/South Lamar,2575,Electric Drive/Sandra Muraida Way @ Pfluger Ped Bridge,42,5,2023
29714044,Local31,19865,electric,2023-05-25T10:25:23.000,2023-05-25T00:00:00.000,2025-11-19 10:25:23,3686,Sterzing/Barton Springs,3686,6th/Chalmers,64,5,2023
29714601,Local31,21535,electric,2023-05-25T11:30:19.000,2023-05-25T00:00:00.000,2025-11-19 11:30:19,4057,6th/Chalmers,4057,Hollow Creek/Barton Hills,35,5,2023
29728170,Local31,19078,electric,2023-05-26T19:05:23.000,2023-05-26T00:00:00.000,2025-11-19 19:05:23,3685,9th/Henderson,3685,9th/Henderson,64,5,2023
29685405,Local31,15063E,electric,2023-05-21T19:11:49.000,2023-05-21T00:00:00.000,2025-11-19 19:11:49,2501,5th/Bowie,2501,South 1st/Riverside @ Long Center,59,5,2023
29686078,Local31,19645,electric,2023-05-21T20:11:45.000,2023-05-21T00:00:00.000,2025-11-19 20:11:45,2549,South 1st/Riverside @ Long Center,2549,5th/Bowie,26,5,2023
29701152,Local31,21423,electric,2023-05-23T17:07:28.000,2023-05-23T00:00:00.000,2025-11-19 17:07:28,3686,Sterzing/Barton Springs,3686,Riverside/South Lamar,25,5,2023
29701490,Local31,21423,electric,2023-05-23T17:32:53.000,2023-05-23T00:00:00.000,2025-11-19 17:32:53,2575,Riverside/South Lamar,2575,Sterzing/Barton Springs,51,5,2023
29664546,Local31,22530,electric,2023-05-19T17:37:27.000,2023-05-19T00:00:00.000,2025-11-19 17:37:27,2575,Riverside/South Lamar,2575,6th/Chalmers,31,5,2023
29672150,Local31,19730,electric,2023-05-20T15:11:59.000,2023-05-20T00:00:00.000,2025-11-19 15:11:59,2501,5th/Bowie,2501,5th/Bowie,65,5,2023
29610499,Local31,19386,electric,2023-05-12T18:39:12.000,2023-05-12T00:00:00.000,2025-11-19 18:39:12,3686,Sterzing/Barton Springs,3686,Zilker Park,43,5,2023
29625043,Local31,19704,electric,2023-05-14T15:33:49.000,2023-05-14T00:00:00.000,2025-11-19 15:33:49,3686,Sterzing/Barton Springs,3686,Sterzing/Barton Springs,30,5,2023
29632068,Local31,19734,electric,2023-05-15T15:57:28.000,2023-05-15T00:00:00.000,2025-11-19 15:57:28,2566,Electric Drive/Sandra Muraida Way @ Pfluger Ped Bridge,2566,5th/Bowie,52,5,2023
29632583,Local31,21682,electric,2023-05-15T16:50:41.000,2023-05-15T00:00:00.000,2025-11-19 16:50:41,2501,5th/Bowie,2501,Electric Drive/Sandra Muraida Way @ Pfluger Ped Bridge,44,5,2023
29640458,Local31,19177,electric,2023-05-16T17:17:31.000,2023-05-16T00:00:00.000,2025-11-19 17:17:31,3685,9th/Henderson,3685,5th/Bowie,10,5,2023
29640574,Local31,21496,electric,2023-05-16T17:27:40.000,2023-05-16T00:00:00.000,2025-11-19 17:27:40,2501,5th/Bowie,2501,South 1st/Riverside @ Long Center,7,5,2023
29610128,Local31,21666,electric,2023-05-12T18:00:10.000,2023-05-12T00:00:00.000,2025-11-19 18:00:10,3686,Sterzing/Barton Springs,3686,Sterzing/Barton Springs,34,5,2023
29610471,Local31,21884,electric,2023-05-12T18:35:38.000,2023-05-12T00:00:00.000,2025-11-19 18:35:38,3686,Sterzing/Barton Springs,3686,Sterzing/Barton Springs,2,5,2023
29506269,Local365,21689,electric,2023-05-02T18:29:56.000,2023-05-02T00:00:00.000,2025-11-19 18:29:56,2495,4th/Congress,2495,Rosewood/Angelina,10,5,2023
29736376,Explorer,21468,electric,2023-05-27T15:55:35.000,2023-05-27T00:00:00.000,2025-11-19 15:55:35,4061,Lakeshore/Austin Hostel,4061,3rd/West,50,5,2023
29654590,Local31,19285,electric,2023-05-18T14:16:12.000,2023-05-18T00:00:00.000,2025-11-19 14:16:12,7190,Rio Grande/12th,7190,East 11th/San Marcos,7,5,2023
29768945,Local365,21653,electric,2023-05-30T17:46:22.000,2023-05-30T00:00:00.000,2025-11-19 17:46:22,2497,11th/Congress @ The Texas Capitol,2497,South Congress/Mary,56,5,2023
29733382,Local365,18564,electric,2023-05-27T12:39:15.000,2023-05-27T00:00:00.000,2025-11-19 12:39:15,7187,South Congress/Mary,7187,11th/Congress @ The Texas Capitol,35,5,2023
29710299,Local365,21630,electric,2023-05-24T17:56:15.000,2023-05-24T00:00:00.000,2025-11-19 17:56:15,7187,South Congress/Mary,7187,East 5th/Broadway @ Capital Metro HQ,17,5,2023
29686240,Local365,21698,electric,2023-05-21T20:27:14.000,2023-05-21T00:00:00.000,2025-11-19 20:27:14,2494,2nd/Congress,2494,Rainey/Cummings,9,5,2023
29686927,Local365,21428,electric,2023-05-21T22:13:40.000,2023-05-21T00:00:00.000,2025-11-19 22:13:40,2707,Rainey/Cummings,2707,South Congress/Mary,11,5,2023
29610597,Local365,19251,electric,2023-05-12T18:52:19.000,2023-05-12T00:00:00.000,2025-11-19 18:52:19,7187,South Congress/Mary,7187,South Congress/Mary,55,5,2023
29627016,Local365,18939,electric,2023-05-14T19:26:59.000,2023-05-14T00:00:00.000,2025-11-19 19:26:59,7187,South Congress/Mary,7187,4th/Guadalupe @ Republic Square,10,5,2023
29538011,Local365,19085,electric,2023-05-05T18:19:15.000,2023-05-05T00:00:00.000,2025-11-19 18:19:15,2544,East 6th/Pedernales,2544,9th/Henderson,16,5,2023
29624932,Pay-as-you-ride,19403,electric,2023-05-14T15:21:31.000,2023-05-14T00:00:00.000,2025-11-19 15:21:31,4059,Nash Hernandez/East @ RBJ South,4059,South Congress/Academy,25,5,2023
29633046,Pay-as-you-ride,21419,electric,2023-05-15T17:33:34.000,2023-05-15T00:00:00.000,2025-11-19 17:33:34,3660,East 6th/Medina,3660,Nash Hernandez/East @ RBJ South,6,5,2023
29721433,Local31,19849,electric,2023-05-26T07:18:07.000,2023-05-26T00:00:00.000,2025-11-19 07:18:07,3455,4th/Guadalupe @ Republic Square,3455,Cesar Chavez/Congress,17,5,2023
29726974,Local31,21468,electric,2023-05-26T17:28:31.000,2023-05-26T00:00:00.000,2025-11-19 17:28:31,2494,2nd/Congress,2494,6th/Lavaca,21,5,2023
29727133,Local365,19185,electric,2023-05-26T17:41:53.000,2023-05-26T00:00:00.000,2025-11-19 17:41:53,2572,Barton Springs Pool,2572,Sterzing/Barton Springs,6,5,2023
13575287,Annual,235,classic,2017-01-29T16:51:30.000,2017-01-29T00:00:00.000,2025-11-19 16:51:30,2503,South Congress & James,2494,2nd & Congress,28,1,2017
29499256,Local31,21697,electric,2023-05-02T08:20:07.000,2023-05-02T00:00:00.000,2025-11-19 08:20:07,4057,6th/Chalmers,4057,4th/Guadalupe @ Republic Square,7,5,2023
13574170,Annual,385,classic,2017-01-29T15:01:18.000,2017-01-29T00:00:00.000,2025-11-19 15:01:18,2501,5th & Bowie,2503,South Congress & James,73,1,2017
29712805,Local31,16845,electric,2023-05-25T03:58:35.000,2023-05-25T00:00:00.000,2025-11-19 03:58:35,2569,East 11th/San Marcos,2569,6th/Chalmers,4,5,2023
29694194,Local31,21798,electric,2023-05-22T19:01:27.000,2023-05-22T00:00:00.000,2025-11-19 19:01:27,2494,2nd/Congress,2494,East 6th/Medina,7,5,2023
29696457,Local31,16322,electric,2023-05-23T08:05:47.000,2023-05-23T00:00:00.000,2025-11-19 08:05:47,4057,6th/Chalmers,4057,4th/Guadalupe @ Republic Square,8,5,2023
29702346,Local31,21543,electric,2023-05-23T18:44:29.000,2023-05-23T00:00:00.000,2025-11-19 18:44:29,3455,4th/Guadalupe @ Republic Square,3455,Plaza Saltillo,10,5,2023
29710873,Local31,19280,electric,2023-05-24T18:49:18.000,2023-05-24T00:00:00.000,2025-11-19 18:49:18,2495,4th/Congress,2495,East 6th/Medina,6,5,2023
29643602,Local31,23277,electric,2023-05-17T07:54:54.000,2023-05-17T00:00:00.000,2025-11-19 07:54:54,4057,6th/Chalmers,4057,4th/Guadalupe @ Republic Square,9,5,2023
29649654,Local31,21535,electric,2023-05-17T19:00:54.000,2023-05-17T00:00:00.000,2025-11-19 19:00:54,3455,4th/Guadalupe @ Republic Square,3455,Plaza Saltillo,8,5,2023
29675801,Local31,21477,electric,2023-05-20T19:45:34.000,2023-05-20T00:00:00.000,2025-11-19 19:45:34,2539,3rd/Trinity @ The Convention Center,2539,East 6th/Medina,5,5,2023
29685531,Local31,21688,electric,2023-05-21T19:23:35.000,2023-05-21T00:00:00.000,2025-11-19 19:23:35,2542,Plaza Saltillo,2542,4th/Congress,6,5,2023
29622197,Local31,21695,electric,2023-05-14T08:05:39.000,2023-05-14T00:00:00.000,2025-11-19 08:05:39,4057,6th/Chalmers,4057,4th/Guadalupe @ Republic Square,7,5,2023
29627490,Local31,21828,electric,2023-05-14T20:33:25.000,2023-05-14T00:00:00.000,2025-11-19 20:33:25,2495,4th/Congress,2495,Plaza Saltillo,5,5,2023
29634160,Local31,21464,electric,2023-05-15T19:27:25.000,2023-05-15T00:00:00.000,2025-11-19 19:27:25,2499,2nd/Lavaca @ City Hall,2499,Plaza Saltillo,7,5,2023
29635727,Local31,16337,electric,2023-05-16T08:10:15.000,2023-05-16T00:00:00.000,2025-11-19 08:10:15,2542,Plaza Saltillo,2542,4th/Guadalupe @ Republic Square,7,5,2023
29591284,Local31,21491,electric,2023-05-10T20:11:41.000,2023-05-10T00:00:00.000,2025-11-19 20:11:41,2544,East 6th/Pedernales,2544,6th/Chalmers,4,5,2023
29598075,Local31,21497,electric,2023-05-11T15:30:02.000,2023-05-11T00:00:00.000,2025-11-19 15:30:02,4057,6th/Chalmers,4057,3rd/Trinity @ The Convention Center,5,5,2023
29608761,Local31,19461,electric,2023-05-12T15:52:24.000,2023-05-12T00:00:00.000,2025-11-19 15:52:24,2563,Rainey/Driskill,2563,3rd/Trinity @ The Convention Center,4,5,2023
29583023,Local31,19265,electric,2023-05-10T08:05:07.000,2023-05-10T00:00:00.000,2025-11-19 08:05:07,4057,6th/Chalmers,4057,4th/Guadalupe @ Republic Square,6,5,2023
29590439,Local31,559,classic,2023-05-10T18:52:05.000,2023-05-10T00:00:00.000,2025-11-19 18:52:05,2539,3rd/Trinity @ The Convention Center,2539,Plaza Saltillo,5,5,2023
29590745,Local31,21491,electric,2023-05-10T19:17:53.000,2023-05-10T00:00:00.000,2025-11-19 19:17:53,4057,6th/Chalmers,4057,East 6th/Pedernales,4,5,2023
29560852,Local31,21789,electric,2023-05-07T18:52:39.000,2023-05-07T00:00:00.000,2025-11-19 18:52:39,2495,4th/Congress,2495,6th/Chalmers,7,5,2023
29561184,Local31,21789,electric,2023-05-07T19:21:08.000,2023-05-07T00:00:00.000,2025-11-19 19:21:08,4057,6th/Chalmers,4057,Rainey/Driskill,7,5,2023
29572441,Local31,21829,electric,2023-05-09T08:28:10.000,2023-05-09T00:00:00.000,2025-11-19 08:28:10,4057,6th/Chalmers,4057,4th/Guadalupe @ Republic Square,7,5,2023
29579263,Local31,21803,electric,2023-05-09T19:01:08.000,2023-05-09T00:00:00.000,2025-11-19 19:01:08,3619,6th/Congress,3619,Plaza Saltillo,7,5,2023
29549570,Local31,16288,electric,2023-05-06T18:55:51.000,2023-05-06T00:00:00.000,2025-11-19 18:55:51,2495,4th/Congress,2495,3rd/Trinity @ The Convention Center,2,5,2023
29504022,Student Membership,19847,electric,2023-05-02T15:34:19.000,2023-05-02T00:00:00.000,2025-11-19 15:34:19,7188,22nd/Pearl,7188,22.5/Rio Grande,9,5,2023
29777708,Local365,22470,electric,2023-05-31T18:05:12.000,2023-05-31T00:00:00.000,2025-11-19 18:05:12,4059,Nash Hernandez/East @ RBJ South,4059,East 2nd/Pedernales,8,5,2023
29695589,Explorer,22470,electric,2023-05-22T22:00:56.000,2023-05-22T00:00:00.000,2025-11-19 22:00:56,3794,4th/Sabine,3794,South 1st/Riverside @ Long Center,14,5,2023
29633657,Student Membership,21772,electric,2023-05-15T18:34:41.000,2023-05-15T00:00:00.000,2025-11-19 18:34:41,7189,28th/Rio Grande,7189,22nd/Pearl,12,5,2023
29647694,Local31,21767,electric,2023-05-17T16:03:20.000,2023-05-17T00:00:00.000,2025-11-19 16:03:20,4061,Lakeshore/Austin Hostel,4061,Lakeshore/Austin Hostel,46,5,2023
29736190,Local365,21725,electric,2023-05-27T15:42:44.000,2023-05-27T00:00:00.000,2025-11-19 15:42:44,2711,Barton Springs/Kinney,2711,South Congress/Barton Springs @ The Austin American-Statesman,9,5,2023
29774870,Local365,19319,electric,2023-05-31T13:27:38.000,2023-05-31T00:00:00.000,2025-11-19 13:27:38,2567,Barton Springs/Bouldin @ Palmer Auditorium,2567,South Congress/Academy,5,5,2023
29690594,Local365,21772,electric,2023-05-22T13:44:59.000,2023-05-22T00:00:00.000,2025-11-19 13:44:59,2552,3rd/West,2552,Barton Springs/Bouldin @ Palmer Auditorium,6,5,2023
29775430,Local31,19453,electric,2023-05-31T14:22:04.000,2023-05-31T00:00:00.000,2025-11-19 14:22:04,2495,4th/Congress,2495,5th/Bowie,5,5,2023
29777556,Local31,263,classic,2023-05-31T17:49:21.000,2023-05-31T00:00:00.000,2025-11-19 17:49:21,2501,5th/Bowie,2501,4th/Congress,5,5,2023
29778398,Local365,21553,electric,2023-05-31T19:02:55.000,2023-05-31T00:00:00.000,2025-11-19 19:02:55,2567,Barton Springs/Bouldin @ Palmer Auditorium,2567,Barton Springs/Bouldin @ Palmer Auditorium,41,5,2023
29684998,Local365,16288,electric,2023-05-21T18:44:46.000,2023-05-21T00:00:00.000,2025-11-19 18:44:46,2552,3rd/West,2552,Barton Springs/Bouldin @ Palmer Auditorium,7,5,2023
29633422,Local365,21767,electric,2023-05-15T18:07:56.000,2023-05-15T00:00:00.000,2025-11-19 18:07:56,2707,Rainey/Cummings,2707,Lakeshore/Austin Hostel,14,5,2023
29569870,Local365,229G,classic,2023-05-08T19:18:45.000,2023-05-08T00:00:00.000,2025-11-19 19:18:45,2707,Rainey/Cummings,2707,Nash Hernandez/East @ RBJ South,4,5,2023
29654908,Local31,21828,electric,2023-05-18T14:54:28.000,2023-05-18T00:00:00.000,2025-11-19 14:54:28,2707,Rainey/Cummings,2707,5th/Bowie,10,5,2023
29685008,Local31,22563,electric,2023-05-21T18:45:24.000,2023-05-21T00:00:00.000,2025-11-19 18:45:24,3687,Boardwalk West,3687,Electric Drive/Sandra Muraida Way @ Pfluger Ped Bridge,44,5,2023
29724108,Local31,19386,electric,2023-05-26T13:03:36.000,2023-05-26T00:00:00.000,2025-11-19 13:03:36,3687,Boardwalk West,3687,3rd/West,46,5,2023
29758115,Local31,21720,electric,2023-05-29T15:32:43.000,2023-05-29T00:00:00.000,2025-11-19 15:32:43,2707,Rainey/Cummings,2707,Electric Drive/Sandra Muraida Way @ Pfluger Ped Bridge,45,5,2023
29703399,Local31,229G,classic,2023-05-23T20:22:43.000,2023-05-23T00:00:00.000,2025-11-19 20:22:43,3687,Boardwalk West,3687,Lakeshore/Austin Hostel,9,5,2023
29758555,Local31,19432,electric,2023-05-29T16:02:13.000,2023-05-29T00:00:00.000,2025-11-19 16:02:13,4061,Lakeshore/Austin Hostel,4061,Lakeshore/Austin Hostel,53,5,2023
29496657,Local31,19619,electric,2023-05-01T18:46:49.000,2023-05-01T00:00:00.000,2025-11-19 18:46:49,3621,3rd/Nueces,3621,East 4th/Chicon,12,5,2023
29605543,Local31,21558,electric,2023-05-12T10:04:50.000,2023-05-12T00:00:00.000,2025-11-19 10:04:50,3621,3rd/Nueces,3621,Plaza Saltillo,12,5,2023
29694335,Local31,1703,classic,2023-05-22T19:12:20.000,2023-05-22T00:00:00.000,2025-11-19 19:12:20,3621,3rd/Nueces,3621,East 4th/Chicon,14,5,2023
29695442,Local31,21790,electric,2023-05-22T21:21:23.000,2023-05-22T00:00:00.000,2025-11-19 21:21:23,3292,East 4th/Chicon,3292,3rd/Nueces,14,5,2023
29537009,Student Membership,21849,electric,2023-05-05T17:09:14.000,2023-05-05T00:00:00.000,2025-11-19 17:09:14,3838,26th/Nueces,3838,26th/Nueces,4,5,2023
29746150,Local31,21455,electric,2023-05-28T14:50:28.000,2023-05-28T00:00:00.000,2025-11-19 14:50:28,2552,3rd/West,2552,4th/Congress,4,5,2023
29508542,Local365,956,classic,2023-05-03T06:47:15.000,2023-05-03T00:00:00.000,2025-11-19 06:47:15,2572,Barton Springs Pool,2572,Sterzing/Barton Springs,5,5,2023
29563873,Local365,21652,electric,2023-05-08T08:51:19.000,2023-05-08T00:00:00.000,2025-11-19 08:51:19,2572,Barton Springs Pool,2572,Riverside/South Lamar,53,5,2023
29687537,Local365,19251,electric,2023-05-22T07:14:16.000,2023-05-22T00:00:00.000,2025-11-19 07:14:16,3686,Sterzing/Barton Springs,3686,Rainey/Cummings,26,5,2023
29762962,Local31,19739,electric,2023-05-29T22:59:16.000,2023-05-29T00:00:00.000,2025-11-19 22:59:16,2501,5th/Bowie,2501,5th/Campbell,540,5,2023
29767608,Local31,16276,electric,2023-05-30T15:47:02.000,2023-05-30T00:00:00.000,2025-11-19 15:47:02,4050,5th/Campbell,4050,6th/West,7,5,2023
29731188,Local31,21733,electric,2023-05-27T09:32:34.000,2023-05-27T00:00:00.000,2025-11-19 09:32:34,4050,5th/Campbell,4050,6th/West,7,5,2023
29737143,Local31,19040,electric,2023-05-27T16:49:46.000,2023-05-27T00:00:00.000,2025-11-19 16:49:46,2537,6th/West,2537,5th/Campbell,7,5,2023
29741974,Local31,19040,electric,2023-05-28T08:22:18.000,2023-05-28T00:00:00.000,2025-11-19 08:22:18,4050,5th/Campbell,4050,6th/West,6,5,2023
29752191,Local31,16276,electric,2023-05-28T23:38:00.000,2023-05-28T00:00:00.000,2025-11-19 23:38:00,2552,3rd/West,2552,5th/Campbell,5,5,2023
29757726,Local31,21689,electric,2023-05-29T15:03:55.000,2023-05-29T00:00:00.000,2025-11-19 15:03:55,4050,5th/Campbell,4050,6th/West,16,5,2023
29700142,Local31,19646,electric,2023-05-23T15:32:10.000,2023-05-23T00:00:00.000,2025-11-19 15:32:10,4050,5th/Campbell,4050,6th/West,6,5,2023
29706755,Local31,19250,electric,2023-05-24T11:55:20.000,2023-05-24T00:00:00.000,2025-11-19 11:55:20,4050,5th/Campbell,4050,4th/Guadalupe @ Republic Square,7,5,2023
29707979,Local31,19148,electric,2023-05-24T13:58:12.000,2023-05-24T00:00:00.000,2025-11-19 13:58:12,2537,6th/West,2537,5th/Campbell,5,5,2023
29676361,Local31,18792,electric,2023-05-20T20:46:56.000,2023-05-20T00:00:00.000,2025-11-19 20:46:56,2537,6th/West,2537,5th/Campbell,7,5,2023
29678238,Local31,18792,electric,2023-05-21T08:42:56.000,2023-05-21T00:00:00.000,2025-11-19 08:42:56,4050,5th/Campbell,4050,6th/West,6,5,2023
29691825,Local31,21490,electric,2023-05-22T15:43:10.000,2023-05-22T00:00:00.000,2025-11-19 15:43:10,3455,4th/Guadalupe @ Republic Square,3455,6th/West,2,5,2023
29695569,Local31,21497,electric,2023-05-22T21:53:55.000,2023-05-22T00:00:00.000,2025-11-19 21:53:55,2537,6th/West,2537,5th/Campbell,7,5,2023
29697596,Local31,23271,electric,2023-05-23T10:51:15.000,2023-05-23T00:00:00.000,2025-11-19 10:51:15,4050,5th/Campbell,4050,5th/Campbell,24,5,2023
29663297,Local31,19287,electric,2023-05-19T15:37:21.000,2023-05-19T00:00:00.000,2025-11-19 15:37:21,4050,5th/Campbell,4050,6th/West,6,5,2023
29667050,Local31,21514,electric,2023-05-19T23:16:00.000,2023-05-19T00:00:00.000,2025-11-19 23:16:00,2552,3rd/West,2552,5th/Campbell,4,5,2023
29667926,Local31,18331,electric,2023-05-20T08:44:06.000,2023-05-20T00:00:00.000,2025-11-19 08:44:06,4050,5th/Campbell,4050,6th/West,5,5,2023
29672379,Local31,18331,electric,2023-05-20T15:27:25.000,2023-05-20T00:00:00.000,2025-11-19 15:27:25,2537,6th/West,2537,5th/Campbell,6,5,2023
29672927,Local31,18331,electric,2023-05-20T15:59:18.000,2023-05-20T00:00:00.000,2025-11-19 15:59:18,4050,5th/Campbell,4050,6th/West,6,5,2023
29631900,Local31,22573,electric,2023-05-15T15:42:14.000,2023-05-15T00:00:00.000,2025-11-19 15:42:14,4050,5th/Campbell,4050,6th/West,6,5,2023
29639474,Local31,19783,electric,2023-05-16T15:45:23.000,2023-05-16T00:00:00.000,2025-11-19 15:45:23,4050,5th/Campbell,4050,6th/West,6,5,2023
29551659,Local31,21497,electric,2023-05-06T22:12:36.000,2023-05-06T00:00:00.000,2025-11-19 22:12:36,2552,3rd/West,2552,5th/Campbell,5,5,2023
29536056,Student Membership,22155,electric,2023-05-05T16:00:28.000,2023-05-05T00:00:00.000,2025-11-19 16:00:28,7125,23rd/Pearl,7125,Barton Springs/Kinney,21,5,2023
29739539,Student Membership,19480,electric,2023-05-27T19:57:28.000,2023-05-27T00:00:00.000,2025-11-19 19:57:28,7125,23rd/Pearl,7125,21st/Guadalupe,3,5,2023
29743220,Student Membership,21749,electric,2023-05-28T11:03:07.000,2023-05-28T00:00:00.000,2025-11-19 11:03:07,7125,23rd/Pearl,7125,21st/Guadalupe,2,5,2023
29712237,Student Membership,21568,electric,2023-05-24T21:42:21.000,2023-05-24T00:00:00.000,2025-11-19 21:42:21,2547,21st/Guadalupe,2547,23rd/Pearl,3,5,2023
29605333,Local31,19748,electric,2023-05-12T09:35:37.000,2023-05-12T00:00:00.000,2025-11-19 09:35:37,4061,Lakeshore/Austin Hostel,4061,Boardwalk West,8,5,2023
29641085,Local31,138G,classic,2023-05-16T18:15:56.000,2023-05-16T00:00:00.000,2025-11-19 18:15:56,3687,Boardwalk West,3687,Lakeshore/Austin Hostel,9,5,2023
29535114,24 Hour Walk Up Pass,21468,electric,2023-05-05T14:49:23.000,2023-05-05T00:00:00.000,2025-11-19 14:49:23,3687,Boardwalk West,3687,Lakeshore/Pleasant Valley,44,5,2023
9998040,Explorer,507,classic,2016-05-15T05:05:42.000,2016-05-15T00:00:00.000,2025-11-19 05:05:42,3390,Brazos & 6th,3390,Brazos & 6th,12,5,2016
29535129,24 Hour Walk Up Pass,21423,electric,2023-05-05T14:49:54.000,2023-05-05T00:00:00.000,2025-11-19 14:49:54,3687,Boardwalk West,3687,Lakeshore/Pleasant Valley,44,5,2023
29537094,24 Hour Walk Up Pass,16279,electric,2023-05-05T17:15:48.000,2023-05-05T00:00:00.000,2025-11-19 17:15:48,4059,Nash Hernandez/East @ RBJ South,4059,East 6th/Medina,39,5,2023
29537121,24 Hour Walk Up Pass,21828,electric,2023-05-05T17:17:19.000,2023-05-05T00:00:00.000,2025-11-19 17:17:19,4059,Nash Hernandez/East @ RBJ South,4059,East 6th/Medina,37,5,2023
29538647,24 Hour Walk Up Pass,16279,electric,2023-05-05T19:11:50.000,2023-05-05T00:00:00.000,2025-11-19 19:11:50,3660,East 6th/Medina,3660,Nash Hernandez/East @ RBJ South,8,5,2023
29528413,Local365,22470,electric,2023-05-04T20:05:05.000,2023-05-04T00:00:00.000,2025-11-19 20:05:05,2495,4th/Congress,2495,Plaza Saltillo,8,5,2023
29537756,Local365,19355,electric,2023-05-05T18:00:45.000,2023-05-05T00:00:00.000,2025-11-19 18:00:45,4057,6th/Chalmers,4057,East 6th/Medina,4,5,2023
29569873,Local365,1830,classic,2023-05-08T19:18:52.000,2023-05-08T00:00:00.000,2025-11-19 19:18:52,2499,2nd/Lavaca @ City Hall,2499,East 6th/Medina,9,5,2023
29723501,Local31,19434,electric,2023-05-26T12:04:28.000,2023-05-26T00:00:00.000,2025-11-19 12:04:28,4058,Hollow Creek/Barton Hills,4058,8th/Red River,53,5,2023
29724051,Local31,19434,electric,2023-05-26T12:58:21.000,2023-05-26T00:00:00.000,2025-11-19 12:58:21,2571,8th/Red River,2571,Dean Keeton/Park Place,12,5,2023
29746547,Local31,19479,electric,2023-05-28T15:18:50.000,2023-05-28T00:00:00.000,2025-11-19 15:18:50,4058,Hollow Creek/Barton Hills,4058,Dean Keeton/Park Place,31,5,2023
29749264,Local31,19479,electric,2023-05-28T18:26:14.000,2023-05-28T00:00:00.000,2025-11-19 18:26:14,7341,Dean Keeton/Park Place,7341,Hollow Creek/Barton Hills,30,5,2023
29746551,Local31,16935,electric,2023-05-28T15:18:56.000,2023-05-28T00:00:00.000,2025-11-19 15:18:56,4058,Hollow Creek/Barton Hills,4058,Dean Keeton/Park Place,31,5,2023
29495661,Local31,21652,electric,2023-05-01T17:20:34.000,2023-05-01T00:00:00.000,2025-11-19 17:20:34,2572,Barton Springs Pool,2572,2nd/Congress,24,5,2023
29497800,Local31,17751,electric,2023-05-01T20:48:57.000,2023-05-01T00:00:00.000,2025-11-19 20:48:57,4879,16th/San Antonio,4879,4th/Congress,10,5,2023
29771893,Local365,270G,classic,2023-05-31T07:39:25.000,2023-05-31T00:00:00.000,2025-11-19 07:39:25,3292,East 4th/Chicon,3292,East 6th/Pedernales,5,5,2023
29644208,Local365,21508,electric,2023-05-17T09:40:08.000,2023-05-17T00:00:00.000,2025-11-19 09:40:08,3292,East 4th/Chicon,3292,East 6th/Medina,5,5,2023
29492326,Explorer,17374,electric,2023-05-01T12:37:38.000,2023-05-01T00:00:00.000,2025-11-19 12:37:38,3377,Veterans/Atlanta @ MoPac Ped Bridge,3377,Lake Austin/Enfield,20,5,2023
29681546,Local31,17370,electric,2023-05-21T14:26:05.000,2023-05-21T00:00:00.000,2025-11-19 14:26:05,2567,Barton Springs/Bouldin @ Palmer Auditorium,2567,Barton Springs/Bouldin @ Palmer Auditorium,43,5,2023
29743238,Local31,21628,electric,2023-05-28T11:04:50.000,2023-05-28T00:00:00.000,2025-11-19 11:04:50,2549,South 1st/Riverside @ Long Center,2549,South 1st/Riverside @ Long Center,82,5,2023
29764791,Local31,19303,electric,2023-05-30T10:47:08.000,2023-05-30T00:00:00.000,2025-11-19 10:47:08,2567,Barton Springs/Bouldin @ Palmer Auditorium,2567,South 1st/Riverside @ Long Center,5,5,2023
29677072,Local31,21798,electric,2023-05-20T22:31:44.000,2023-05-20T00:00:00.000,2025-11-19 22:31:44,4051,10th/Red River,4051,Rainey/Driskill,7,5,2023
29552927,Pay-as-you-ride,21586,electric,2023-05-07T02:47:42.000,2023-05-07T00:00:00.000,2025-11-19 02:47:42,3513,South Congress/Barton Springs @ The Austin American-Statesman,3513,Lakeshore/Pleasant Valley,18,5,2023
29605745,Local31,18331,electric,2023-05-12T10:33:20.000,2023-05-12T00:00:00.000,2025-11-19 10:33:20,2569,East 11th/San Marcos,2569,East 6th/Pedernales,9,5,2023
29725450,Local31,1899,classic,2023-05-26T14:55:53.000,2023-05-26T00:00:00.000,2025-11-19 14:55:53,2569,East 11th/San Marcos,2569,East 6th/Medina,5,5,2023
29683618,Local31,860,classic,2023-05-21T17:03:24.000,2023-05-21T00:00:00.000,2025-11-19 17:03:24,2569,East 11th/San Marcos,2569,Rainey/Driskill,13,5,2023
13325691,Annual Member,466,classic,2017-01-02T11:22:08.000,2017-01-02T00:00:00.000,2025-11-19 11:22:08,3377,MoPac Pedestrian Bridge @ Veterans Drive,3377,MoPac Pedestrian Bridge @ Veterans Drive,27,1,2017
29772291,Local365,18101,electric,2023-05-31T08:45:05.000,2023-05-31T00:00:00.000,2025-11-19 08:45:05,2707,Rainey/Cummings,2707,5th/Campbell,11,5,2023
13577300,Annual Member,60,classic,2017-01-29T21:19:34.000,2017-01-29T00:00:00.000,2025-11-19 21:19:34,3292,East 4th & Chicon,2567,Palmer Auditorium,13,1,2017
29773625,Local365,19376,electric,2023-05-31T11:17:53.000,2023-05-31T00:00:00.000,2025-11-19 11:17:53,4050,5th/Campbell,4050,2nd/Congress,9,5,2023
29705012,Local365,19250,electric,2023-05-24T08:25:44.000,2023-05-24T00:00:00.000,2025-11-19 08:25:44,4060,Red River/Cesar Chavez @ The Fairmont,4060,5th/Campbell,13,5,2023
29710090,Local365,19148,electric,2023-05-24T17:38:43.000,2023-05-24T00:00:00.000,2025-11-19 17:38:43,4050,5th/Campbell,4050,Rainey/Cummings,27,5,2023
29721826,Local365,19280,electric,2023-05-26T09:00:33.000,2023-05-26T00:00:00.000,2025-11-19 09:00:33,2707,Rainey/Cummings,2707,5th/Campbell,12,5,2023
29727740,Local365,22449,electric,2023-05-26T18:29:55.000,2023-05-26T00:00:00.000,2025-11-19 18:29:55,4050,5th/Campbell,4050,Hollow Creek/Barton Hills,14,5,2023
29640541,Local365,21691,electric,2023-05-16T17:24:30.000,2023-05-16T00:00:00.000,2025-11-19 17:24:30,4050,5th/Campbell,4050,Rainey/Cummings,12,5,2023
29599508,Local365,21859,electric,2023-05-11T17:47:08.000,2023-05-11T00:00:00.000,2025-11-19 17:47:08,4050,5th/Campbell,4050,3rd/West,5,5,2023
29583149,Local365,18929,electric,2023-05-10T08:33:03.000,2023-05-10T00:00:00.000,2025-11-19 08:33:03,2707,Rainey/Cummings,2707,3rd/West,9,5,2023
29526604,Local365,19326,electric,2023-05-04T17:40:52.000,2023-05-04T00:00:00.000,2025-11-19 17:40:52,2707,Rainey/Cummings,2707,South Congress/James,14,5,2023
29519883,Local365,16333,electric,2023-05-04T08:34:58.000,2023-05-04T00:00:00.000,2025-11-19 08:34:58,2707,Rainey/Cummings,2707,South 1st/Riverside @ Long Center,10,5,2023
29763847,Explorer,1586,classic,2023-05-30T08:40:02.000,2023-05-30T00:00:00.000,2025-11-19 08:40:02,3513,South Congress/Barton Springs @ The Austin American-Statesman,3513,Cesar Chavez/Congress,5,5,2023
29753608,Explorer,21744,electric,2023-05-29T09:50:00.000,2023-05-29T00:00:00.000,2025-11-19 09:50:00,4060,Red River/Cesar Chavez @ The Fairmont,4060,5th/Bowie,16,5,2023
29503547,Local31,19442,electric,2023-05-02T14:54:03.000,2023-05-02T00:00:00.000,2025-11-19 14:54:03,3377,Veterans/Atlanta @ MoPac Ped Bridge,3377,Rainey/Cummings,14,5,2023
29771884,Local31,21491,electric,2023-05-31T07:37:10.000,2023-05-31T00:00:00.000,2025-11-19 07:37:10,3377,Veterans/Atlanta @ MoPac Ped Bridge,3377,Riverside/South Lamar,6,5,2023
29675258,Local31,22521,electric,2023-05-20T19:01:50.000,2023-05-20T00:00:00.000,2025-11-19 19:01:50,3377,Veterans/Atlanta @ MoPac Ped Bridge,3377,Veterans/Atlanta @ MoPac Ped Bridge,46,5,2023
29743638,Local31,19196,electric,2023-05-28T11:42:02.000,2023-05-28T00:00:00.000,2025-11-19 11:42:02,2574,Zilker Park,2574,Barton Springs Pool,70,5,2023
29596987,Local31,19224,electric,2023-05-11T13:43:00.000,2023-05-11T00:00:00.000,2025-11-19 13:43:00,3377,Veterans/Atlanta @ MoPac Ped Bridge,3377,Veterans/Atlanta @ MoPac Ped Bridge,54,5,2023
29625581,Local31,18532,electric,2023-05-14T16:33:30.000,2023-05-14T00:00:00.000,2025-11-19 16:33:30,2567,Barton Springs/Bouldin @ Palmer Auditorium,2567,Riverside/South Lamar,48,5,2023
29693422,Local365,19682,electric,2023-05-22T18:02:04.000,2023-05-22T00:00:00.000,2025-11-19 18:02:04,2575,Riverside/South Lamar,2575,South Congress/Mary,9,5,2023
29666515,Local365,19207,electric,2023-05-19T21:24:53.000,2023-05-19T00:00:00.000,2025-11-19 21:24:53,7125,23rd/Pearl,7125,26th/Nueces,6,5,2023
29657172,Local365,19488,electric,2023-05-18T18:37:30.000,2023-05-18T00:00:00.000,2025-11-19 18:37:30,3686,Sterzing/Barton Springs,3686,6th/Congress,12,5,2023
29749821,Local365,21468,electric,2023-05-28T19:05:34.000,2023-05-28T00:00:00.000,2025-11-19 19:05:34,3293,East 2nd/Pedernales,3293,East 11th/Victory Grill,10,5,2023
29763515,Local365,21702,electric,2023-05-30T07:33:14.000,2023-05-30T00:00:00.000,2025-11-19 07:33:14,7190,Rio Grande/12th,7190,8th/Lavaca,5,5,2023
29734046,Local365,21486,electric,2023-05-27T13:21:06.000,2023-05-27T00:00:00.000,2025-11-19 13:21:06,2501,5th/Bowie,2501,Rainey/Cummings,17,5,2023
29754916,Local365,19739,electric,2023-05-29T11:49:28.000,2023-05-29T00:00:00.000,2025-11-19 11:49:28,2707,Rainey/Cummings,2707,5th/Bowie,10,5,2023
29775076,Local365,21491,electric,2023-05-31T13:48:50.000,2023-05-31T00:00:00.000,2025-11-19 13:48:50,2501,5th/Bowie,2501,Rainey/Cummings,9,5,2023
29690903,Local365,21477,electric,2023-05-22T14:14:29.000,2023-05-22T00:00:00.000,2025-11-19 14:14:29,2501,5th/Bowie,2501,Rainey/Cummings,9,5,2023
29699416,Local365,19679,electric,2023-05-23T14:09:16.000,2023-05-23T00:00:00.000,2025-11-19 14:09:16,2501,5th/Bowie,2501,Rainey/Cummings,7,5,2023
29646767,Local365,18673,electric,2023-05-17T14:24:27.000,2023-05-17T00:00:00.000,2025-11-19 14:24:27,2501,5th/Bowie,2501,Rainey/Cummings,8,5,2023
29501901,Local365,21630,electric,2023-05-02T12:45:33.000,2023-05-02T00:00:00.000,2025-11-19 12:45:33,2707,Rainey/Cummings,2707,5th/Bowie,8,5,2023
29492166,Student Membership,22599,electric,2023-05-01T12:22:09.000,2023-05-01T00:00:00.000,2025-11-19 12:22:09,7341,Dean Keeton/Park Place,7341,Dean Keeton/Whitis,3,5,2023
29572641,Local365,19376,electric,2023-05-09T09:04:07.000,2023-05-09T00:00:00.000,2025-11-19 09:04:07,3513,South Congress/Barton Springs @ The Austin American-Statesman,3513,East 11th/Victory Grill,13,5,2023
29610511,Local365,21662,electric,2023-05-12T18:40:03.000,2023-05-12T00:00:00.000,2025-11-19 18:40:03,3687,Boardwalk West,3687,Barton Springs/Kinney,11,5,2023
29610740,Local365,21662,electric,2023-05-12T19:07:44.000,2023-05-12T00:00:00.000,2025-11-19 19:07:44,2711,Barton Springs/Kinney,2711,Boardwalk West,23,5,2023
29534619,Student Membership,19330,electric,2023-05-05T14:15:20.000,2023-05-05T00:00:00.000,2025-11-19 14:15:20,2547,21st/Guadalupe,2547,Dean Keeton/Speedway,5,5,2023
29631055,Student Membership,19704,electric,2023-05-15T14:06:36.000,2023-05-15T00:00:00.000,2025-11-19 14:06:36,2498,Dean Keeton/Speedway,2498,Dean Keeton/Speedway,12,5,2023
29745447,Explorer,19367,electric,2023-05-28T14:06:44.000,2023-05-28T00:00:00.000,2025-11-19 14:06:44,3687,Boardwalk West,3687,South Congress/Barton Springs @ The Austin American-Statesman,21,5,2023
29497848,Student Membership,19386,electric,2023-05-01T20:56:43.000,2023-05-01T00:00:00.000,2025-11-19 20:56:43,3798,21st/Speedway @ PCL,3798,21st/Guadalupe,5,5,2023
29718726,Student Membership,21886,electric,2023-05-25T18:17:21.000,2023-05-25T00:00:00.000,2025-11-19 18:17:21,4879,16th/San Antonio,4879,26th/Nueces,8,5,2023
29718732,Pay-as-you-ride,23318,electric,2023-05-25T18:18:15.000,2023-05-25T00:00:00.000,2025-11-19 18:18:15,4879,16th/San Antonio,4879,26th/Nueces,8,5,2023
29774849,Student Membership,273,classic,2023-05-31T13:25:22.000,2023-05-31T00:00:00.000,2025-11-19 13:25:22,3685,9th/Henderson,3685,Rio Grande/12th,7,5,2023
29775025,Student Membership,19432,electric,2023-05-31T13:42:12.000,2023-05-31T00:00:00.000,2025-11-19 13:42:12,7190,Rio Grande/12th,7190,26th/Nueces,10,5,2023
29777813,Student Membership,877,classic,2023-05-31T18:14:05.000,2023-05-31T00:00:00.000,2025-11-19 18:14:05,2552,3rd/West,2552,4th/Congress,6,5,2023
29683913,Student Membership,19367,electric,2023-05-21T17:25:50.000,2023-05-21T00:00:00.000,2025-11-19 17:25:50,2552,3rd/West,2552,6th/Congress,6,5,2023
29726804,Student Membership,22521,electric,2023-05-26T17:11:43.000,2023-05-26T00:00:00.000,2025-11-19 17:11:43,2552,3rd/West,2552,4th/Congress,5,5,2023
29508768,Student Membership,18792,electric,2023-05-03T08:07:16.000,2023-05-03T00:00:00.000,2025-11-19 08:07:16,2495,4th/Congress,2495,3rd/West,4,5,2023
29519528,Student Membership,19688,electric,2023-05-04T07:01:46.000,2023-05-04T00:00:00.000,2025-11-19 07:01:46,2552,3rd/West,2552,4th/Congress,5,5,2023
29511848,Student Membership,21790,electric,2023-05-03T12:51:29.000,2023-05-03T00:00:00.000,2025-11-19 12:51:29,4050,5th/Campbell,4050,22nd/Pearl,47,5,2023
29763807,Local365,19085,electric,2023-05-30T08:34:19.000,2023-05-30T00:00:00.000,2025-11-19 08:34:19,4699,East 5th/Shady @ Eastside Bus Plaza,4699,Boardwalk West,33,5,2023
29764823,Local365,19085,electric,2023-05-30T10:50:36.000,2023-05-30T00:00:00.000,2025-11-19 10:50:36,3619,6th/Congress,3619,Rosewood/Chicon,44,5,2023
29491562,Student Membership,19214,electric,2023-05-01T11:26:27.000,2023-05-01T00:00:00.000,2025-11-19 11:26:27,4938,22.5/Rio Grande,4938,16th/San Antonio,6,5,2023
29506006,Student Membership,21543,electric,2023-05-02T18:08:46.000,2023-05-02T00:00:00.000,2025-11-19 18:08:46,4938,22.5/Rio Grande,4938,28th/Rio Grande,3,5,2023
29518512,Student Membership,22567,electric,2023-05-03T21:30:24.000,2023-05-03T00:00:00.000,2025-11-19 21:30:24,2574,Zilker Park,2574,26th/Nueces,25,5,2023
29586495,Student Membership,22567,electric,2023-05-10T13:11:37.000,2023-05-10T00:00:00.000,2025-11-19 13:11:37,2498,Dean Keeton/Speedway,2498,21st/Speedway @ PCL,3,5,2023
29489753,Student Membership,21703,electric,2023-05-01T02:32:26.000,2023-05-01T00:00:00.000,2025-11-19 02:32:26,7125,23rd/Pearl,7125,23rd/Pearl,79,5,2023
29778245,Student Membership,22155,electric,2023-05-31T18:48:59.000,2023-05-31T00:00:00.000,2025-11-19 18:48:59,7188,22nd/Pearl,7188,21st/Speedway @ PCL,5,5,2023
29778682,Student Membership,19432,electric,2023-05-31T19:28:36.000,2023-05-31T00:00:00.000,2025-11-19 19:28:36,3798,21st/Speedway @ PCL,3798,22nd/Pearl,5,5,2023
29778643,Student Membership,19196,electric,2023-05-31T19:25:32.000,2023-05-31T00:00:00.000,2025-11-19 19:25:32,2547,21st/Guadalupe,2547,28th/Rio Grande,6,5,2023
29504981,Student Membership,21821,electric,2023-05-02T16:49:45.000,2023-05-02T00:00:00.000,2025-11-19 16:49:45,2547,21st/Guadalupe,2547,Dean Keeton/Whitis,5,5,2023
29496597,Student Membership,3201,classic,2023-05-01T18:41:26.000,2023-05-01T00:00:00.000,2025-11-19 18:41:26,3838,26th/Nueces,3838,6th/Trinity,17,5,2023
29569747,Student Membership,21551,electric,2023-05-08T19:05:53.000,2023-05-08T00:00:00.000,2025-11-19 19:05:53,2552,3rd/West,2552,21st/Speedway @ PCL,20,5,2023
29584961,Student Membership,19918,electric,2023-05-10T10:38:51.000,2023-05-10T00:00:00.000,2025-11-19 10:38:51,3798,21st/Speedway @ PCL,3798,Dean Keeton/Park Place,54,5,2023
29771778,Student Membership,18564,electric,2023-05-31T06:59:05.000,2023-05-31T00:00:00.000,2025-11-19 06:59:05,3838,26th/Nueces,3838,26th/Nueces,42,5,2023
29776225,Student Membership,22155,electric,2023-05-31T15:43:12.000,2023-05-31T00:00:00.000,2025-11-19 15:43:12,7189,28th/Rio Grande,7189,21st/Speedway @ PCL,8,5,2023
29648865,Student Membership,561,classic,2023-05-17T17:53:10.000,2023-05-17T00:00:00.000,2025-11-19 17:53:10,3798,21st/Speedway @ PCL,3798,21st/University,2,5,2023
29648891,Student Membership,091G,classic,2023-05-17T17:56:22.000,2023-05-17T00:00:00.000,2025-11-19 17:56:22,3797,21st/University,3797,21st/Guadalupe,2,5,2023
29648911,Student Membership,19274,electric,2023-05-17T17:58:41.000,2023-05-17T00:00:00.000,2025-11-19 17:58:41,2547,21st/Guadalupe,2547,28th/Rio Grande,5,5,2023
29636757,Student Membership,21639,electric,2023-05-16T10:59:21.000,2023-05-16T00:00:00.000,2025-11-19 10:59:21,3798,21st/Speedway @ PCL,3798,28th/Rio Grande,6,5,2023
29496156,Student Membership,18556,electric,2023-05-01T18:00:50.000,2023-05-01T00:00:00.000,2025-11-19 18:00:50,2498,Dean Keeton/Speedway,2498,26th/Nueces,5,5,2023
29521821,Student Membership,18266,electric,2023-05-04T11:55:29.000,2023-05-04T00:00:00.000,2025-11-19 11:55:29,3798,21st/Speedway @ PCL,3798,26th/Nueces,7,5,2023
29535051,Student Membership,19330,electric,2023-05-05T14:45:24.000,2023-05-05T00:00:00.000,2025-11-19 14:45:24,2498,Dean Keeton/Speedway,2498,23rd/San Jacinto @ DKR Stadium,4,5,2023
29530955,Pay-as-you-ride,21697,electric,2023-05-05T08:34:41.000,2023-05-05T00:00:00.000,2025-11-19 08:34:41,3838,26th/Nueces,3838,22.5/Rio Grande,6,5,2023
29546501,Student Membership,19271,electric,2023-05-06T15:14:48.000,2023-05-06T00:00:00.000,2025-11-19 15:14:48,3795,Dean Keeton/Whitis,3795,21st/Speedway @ PCL,4,5,2023
29496614,Student Membership,21480,electric,2023-05-01T18:43:09.000,2023-05-01T00:00:00.000,2025-11-19 18:43:09,2547,21st/Guadalupe,2547,23rd/Pearl,8,5,2023
29647580,Student Membership,21740,electric,2023-05-17T15:51:43.000,2023-05-17T00:00:00.000,2025-11-19 15:51:43,3838,26th/Nueces,3838,21st/Speedway @ PCL,5,5,2023
29517636,Student Membership,22449,electric,2023-05-03T19:54:03.000,2023-05-03T00:00:00.000,2025-11-19 19:54:03,2566,Electric Drive/Sandra Muraida Way @ Pfluger Ped Bridge,2566,26th/Nueces,17,5,2023
8257702,Local365,207,classic,2015-12-30T15:44:45.000,2015-12-30T00:00:00.000,2025-11-19 15:44:45,2495,4th/Congress,2501,5th/Bowie,7,12,2015
29528871,Student Membership,19677,electric,2023-05-04T20:51:06.000,2023-05-04T00:00:00.000,2025-11-19 20:51:06,2566,Electric Drive/Sandra Muraida Way @ Pfluger Ped Bridge,2566,26th/Nueces,22,5,2023
29710465,Student Membership,21568,electric,2023-05-24T18:11:33.000,2023-05-24T00:00:00.000,2025-11-19 18:11:33,7125,23rd/Pearl,7125,Lake Austin Blvd/Deep Eddy,30,5,2023
29665015,Student Membership,18913,electric,2023-05-19T18:20:23.000,2023-05-19T00:00:00.000,2025-11-19 18:20:23,2566,Electric Drive/Sandra Muraida Way @ Pfluger Ped Bridge,2566,26th/Nueces,16,5,2023
29693837,Student Membership,19437,electric,2023-05-22T18:33:35.000,2023-05-22T00:00:00.000,2025-11-19 18:33:35,7125,23rd/Pearl,7125,Lake Austin Blvd/Deep Eddy,25,5,2023
29634470,Student Membership,21682,electric,2023-05-15T20:06:59.000,2023-05-15T00:00:00.000,2025-11-19 20:06:59,2566,Electric Drive/Sandra Muraida Way @ Pfluger Ped Bridge,2566,26th/Nueces,23,5,2023
29555389,Student Membership,19865,electric,2023-05-07T12:23:49.000,2023-05-07T00:00:00.000,2025-11-19 12:23:49,3838,26th/Nueces,3838,Lake Austin Blvd/Deep Eddy,36,5,2023
29504108,Student Membership,21703,electric,2023-05-02T15:41:40.000,2023-05-02T00:00:00.000,2025-11-19 15:41:40,2547,21st/Guadalupe,2547,23rd/Pearl,5,5,2023
13575587,Annual Member,406,classic,2017-01-29T16:22:22.000,2017-01-29T00:00:00.000,2025-11-19 16:22:22,2567,Palmer Auditorium,2542,Plaza Saltillo,13,1,2017
29761849,Student Membership,21558,electric,2023-05-29T20:04:28.000,2023-05-29T00:00:00.000,2025-11-19 20:04:28,2571,8th/Red River,2571,23rd/Pearl,13,5,2023
29772217,Student Membership,21438,electric,2023-05-31T08:34:31.000,2023-05-31T00:00:00.000,2025-11-19 08:34:31,7188,22nd/Pearl,7188,10th/Red River,14,5,2023
13437360,Annual Membership,400,classic,2017-01-14T14:37:42.000,2017-01-14T00:00:00.000,2025-11-19 14:37:42,2707,Rainey St @ Cummings,2566,Pfluger Bridge @ W 2nd Street,27,1,2017
29777099,Student Membership,21496,electric,2023-05-31T17:02:48.000,2023-05-31T00:00:00.000,2025-11-19 17:02:48,4051,10th/Red River,4051,23rd/Pearl,16,5,2023
29588270,Student Membership,21702,electric,2023-05-10T15:58:49.000,2023-05-10T00:00:00.000,2025-11-19 15:58:49,4051,10th/Red River,4051,Dean Keeton/Whitis,14,5,2023
29491084,Student Membership,19688,electric,2023-05-01T10:35:57.000,2023-05-01T00:00:00.000,2025-11-19 10:35:57,7189,28th/Rio Grande,7189,Dean Keeton/Speedway,7,5,2023
29764010,Student Membership,21774,electric,2023-05-30T09:04:44.000,2023-05-30T00:00:00.000,2025-11-19 09:04:44,2498,Dean Keeton/Speedway,2498,Dean Keeton/Whitis,12,5,2023
29779084,Student Membership,19165,electric,2023-05-31T20:08:03.000,2023-05-31T00:00:00.000,2025-11-19 20:08:03,2707,Rainey/Cummings,2707,21st/Speedway @ PCL,41,5,2023
29778248,Student Membership,19165,electric,2023-05-31T18:49:14.000,2023-05-31T00:00:00.000,2025-11-19 18:49:14,3798,21st/Speedway @ PCL,3798,21st/Speedway @ PCL,29,5,2023
29778577,Student Membership,19165,electric,2023-05-31T19:19:52.000,2023-05-31T00:00:00.000,2025-11-19 19:19:52,3798,21st/Speedway @ PCL,3798,12th/San Jacinto @ State Capitol Visitors Garage,27,5,2023
29501174,Student Membership,21682,electric,2023-05-02T11:47:49.000,2023-05-02T00:00:00.000,2025-11-19 11:47:49,7125,23rd/Pearl,7125,21st/Guadalupe,4,5,2023
29717378,Student Membership,19177,electric,2023-05-25T16:21:02.000,2023-05-25T00:00:00.000,2025-11-19 16:21:02,2547,21st/Guadalupe,2547,23rd/Pearl,3,5,2023
29489604,Student Membership,21485,electric,2023-05-01T00:24:38.000,2023-05-01T00:00:00.000,2025-11-19 00:24:38,7188,22nd/Pearl,7188,26th/Nueces,11,5,2023
29610949,Student Membership,21576,electric,2023-05-12T19:28:11.000,2023-05-12T00:00:00.000,2025-11-19 19:28:11,7188,22nd/Pearl,7188,21st/Speedway @ PCL,4,5,2023
29617988,Student Membership,21702,electric,2023-05-13T16:18:45.000,2023-05-13T00:00:00.000,2025-11-19 16:18:45,3798,21st/Speedway @ PCL,3798,22nd/Pearl,13,5,2023
29507171,Student Membership,21458,electric,2023-05-02T20:04:07.000,2023-05-02T00:00:00.000,2025-11-19 20:04:07,2547,21st/Guadalupe,2547,26th/Nueces,5,5,2023
29746366,Student Membership,21508,electric,2023-05-28T15:04:18.000,2023-05-28T00:00:00.000,2025-11-19 15:04:18,2547,21st/Guadalupe,2547,26th/Nueces,4,5,2023
29775542,Student Membership,21477,electric,2023-05-31T14:36:21.000,2023-05-31T00:00:00.000,2025-11-19 14:36:21,2547,21st/Guadalupe,2547,26th/Nueces,4,5,2023
29700561,Student Membership,19480,electric,2023-05-23T16:13:59.000,2023-05-23T00:00:00.000,2025-11-19 16:13:59,2547,21st/Guadalupe,2547,26th/Nueces,6,5,2023
29618128,Student Membership,19849,electric,2023-05-13T16:31:40.000,2023-05-13T00:00:00.000,2025-11-19 16:31:40,2547,21st/Guadalupe,2547,26th/Nueces,5,5,2023
29492266,Student Membership,19789,electric,2023-05-01T12:32:35.000,2023-05-01T00:00:00.000,2025-11-19 12:32:35,3838,26th/Nueces,3838,21st/University,6,5,2023
29754172,Pay-as-you-ride,19271,electric,2023-05-29T10:47:45.000,2023-05-29T00:00:00.000,2025-11-19 10:47:45,4057,6th/Chalmers,4057,East 11th/Victory Grill,5,5,2023
29618732,Student Membership,19314,electric,2023-05-13T17:25:06.000,2023-05-13T00:00:00.000,2025-11-19 17:25:06,3294,6th/Lavaca,3294,11th/Congress @ The Texas Capitol,4,5,2023
29616863,Student Membership,22567,electric,2023-05-13T14:43:47.000,2023-05-13T00:00:00.000,2025-11-19 14:43:47,7189,28th/Rio Grande,7189,South Congress/James,25,5,2023
29642877,Student Membership,18556,electric,2023-05-16T22:31:16.000,2023-05-16T00:00:00.000,2025-11-19 22:31:16,2501,5th/Bowie,2501,26th/Nueces,9,5,2023
29635091,Student Membership,19177,electric,2023-05-15T22:56:38.000,2023-05-15T00:00:00.000,2025-11-19 22:56:38,2501,5th/Bowie,2501,9th/Henderson,2,5,2023
29592160,Student Membership,18929,electric,2023-05-10T22:23:57.000,2023-05-10T00:00:00.000,2025-11-19 22:23:57,2552,3rd/West,2552,3rd/Nueces,2,5,2023
29556408,Student Membership,21499,electric,2023-05-07T13:36:55.000,2023-05-07T00:00:00.000,2025-11-19 13:36:55,4938,22.5/Rio Grande,4938,5th/Bowie,28,5,2023
29565668,Student Membership,18971,electric,2023-05-08T12:44:28.000,2023-05-08T00:00:00.000,2025-11-19 12:44:28,2498,Dean Keeton/Speedway,2498,28th/Rio Grande,5,5,2023
29524257,Student Membership,16333,electric,2023-05-04T14:52:52.000,2023-05-04T00:00:00.000,2025-11-19 14:52:52,7188,22nd/Pearl,7188,21st/Speedway @ PCL,4,5,2023
29778125,Student Membership,21755,electric,2023-05-31T18:42:14.000,2023-05-31T00:00:00.000,2025-11-19 18:42:14,3795,Dean Keeton/Whitis,3795,Zilker Park,19,5,2023
29723827,Student Membership,21413,electric,2023-05-26T12:37:03.000,2023-05-26T00:00:00.000,2025-11-19 12:37:03,3377,Veterans/Atlanta @ MoPac Ped Bridge,3377,Dean Keeton/Whitis,20,5,2023
29712151,Student Membership,559,classic,2023-05-24T21:25:24.000,2023-05-24T00:00:00.000,2025-11-19 21:25:24,3686,Sterzing/Barton Springs,3686,Zilker Park,4,5,2023
29688639,Student Membership,16845,electric,2023-05-22T10:33:04.000,2023-05-22T00:00:00.000,2025-11-19 10:33:04,3790,Lake Austin Blvd/Deep Eddy,3790,Dean Keeton/Whitis,22,5,2023
29515847,Student Membership,18923,electric,2023-05-03T17:36:02.000,2023-05-03T00:00:00.000,2025-11-19 17:36:02,3838,26th/Nueces,3838,Lake Austin Blvd/Deep Eddy,26,5,2023
22232881,,17370,electric,2020-06-22T20:51:36.000,2020-06-22T00:00:00.000,2025-11-19 20:51:36,2552,3rd/West,3793,28th/Rio Grande,23,6,2020
29500407,Student Membership,19185,electric,2023-05-02T10:38:20.000,2023-05-02T00:00:00.000,2025-11-19 10:38:20,4051,10th/Red River,4051,26th/Nueces,54,5,2023
29607826,Student Membership,15063E,electric,2023-05-12T14:19:58.000,2023-05-12T00:00:00.000,2025-11-19 14:19:58,3798,21st/Speedway @ PCL,3798,21st/Guadalupe,4,5,2023
29508336,Student Membership,18684,electric,2023-05-03T01:13:28.000,2023-05-03T00:00:00.000,2025-11-19 01:13:28,2565,6th/Trinity,2565,22.5/Rio Grande,12,5,2023
29518595,Student Membership,22174,electric,2023-05-03T21:41:47.000,2023-05-03T00:00:00.000,2025-11-19 21:41:47,3799,23rd/San Jacinto @ DKR Stadium,3799,22.5/Rio Grande,9,5,2023
29517447,Student Membership,19677,electric,2023-05-03T19:33:07.000,2023-05-03T00:00:00.000,2025-11-19 19:33:07,4061,Lakeshore/Austin Hostel,4061,Electric Drive/Sandra Muraida Way @ Pfluger Ped Bridge,24,5,2023
29528164,Student Membership,19918,electric,2023-05-04T19:44:07.000,2023-05-04T00:00:00.000,2025-11-19 19:44:07,4062,Lakeshore/Pleasant Valley,4062,Electric Drive/Sandra Muraida Way @ Pfluger Ped Bridge,21,5,2023
29539153,Student Membership,21744,electric,2023-05-05T20:00:14.000,2023-05-05T00:00:00.000,2025-11-19 20:00:14,4062,Lakeshore/Pleasant Valley,4062,21st/University,37,5,2023
29703435,Student Membership,18947,electric,2023-05-23T20:28:37.000,2023-05-23T00:00:00.000,2025-11-19 20:28:37,4061,Lakeshore/Austin Hostel,4061,21st/University,30,5,2023
29771736,Student Membership,18939,electric,2023-05-31T06:39:17.000,2023-05-31T00:00:00.000,2025-11-19 06:39:17,4062,Lakeshore/Pleasant Valley,4062,23rd/San Jacinto @ DKR Stadium,34,5,2023
29640790,Student Membership,19693,electric,2023-05-16T17:49:39.000,2023-05-16T00:00:00.000,2025-11-19 17:49:39,4062,Lakeshore/Pleasant Valley,4062,Boardwalk West,12,5,2023
29657916,Student Membership,21740,electric,2023-05-18T19:59:20.000,2023-05-18T00:00:00.000,2025-11-19 19:59:20,4938,22.5/Rio Grande,4938,Dean Keeton/Speedway,5,5,2023
29601500,Student Membership,19085,electric,2023-05-11T21:02:10.000,2023-05-11T00:00:00.000,2025-11-19 21:02:10,7125,23rd/Pearl,7125,22.5/Rio Grande,739,5,2023
29779995,Student Membership,21422,electric,2023-05-31T22:27:58.000,2023-05-31T00:00:00.000,2025-11-19 22:27:58,3838,26th/Nueces,3838,22.5/Rio Grande,9,5,2023
29780027,Student Membership,19677,electric,2023-05-31T22:37:04.000,2023-05-31T00:00:00.000,2025-11-19 22:37:04,4938,22.5/Rio Grande,4938,22nd/Pearl,16,5,2023
29668175,Local31,17438,electric,2023-05-20T09:28:25.000,2023-05-20T00:00:00.000,2025-11-19 09:28:25,2707,Rainey/Cummings,2707,South Congress @ Bouldin Creek,8,5,2023
29655821,Local365,21491,electric,2023-05-18T16:26:56.000,2023-05-18T00:00:00.000,2025-11-19 16:26:56,2542,Plaza Saltillo,2542,3rd/Trinity @ The Convention Center,6,5,2023
29531098,Student Membership,22521,electric,2023-05-05T08:58:56.000,2023-05-05T00:00:00.000,2025-11-19 08:58:56,4938,22.5/Rio Grande,4938,21st/Speedway @ PCL,5,5,2023
29698351,Student Membership,21639,electric,2023-05-23T12:10:48.000,2023-05-23T00:00:00.000,2025-11-19 12:10:48,3798,21st/Speedway @ PCL,3798,22nd/Pearl,5,5,2023
29651739,Student Membership,16395,electric,2023-05-18T07:55:06.000,2023-05-18T00:00:00.000,2025-11-19 07:55:06,7188,22nd/Pearl,7188,21st/University,4,5,2023
29659376,Student Membership,21508,electric,2023-05-19T07:42:45.000,2023-05-19T00:00:00.000,2025-11-19 07:42:45,7188,22nd/Pearl,7188,21st/Speedway @ PCL,15,5,2023
29748301,Pay-as-you-ride,21680,electric,2023-05-28T17:18:29.000,2023-05-28T00:00:00.000,2025-11-19 17:18:29,2568,East 11th/Victory Grill,2568,East 2nd/Pedernales,1085,5,2023
29491456,Local31,18132,electric,2023-05-01T11:13:33.000,2023-05-01T00:00:00.000,2025-11-19 11:13:33,4061,Lakeshore/Austin Hostel,4061,Boardwalk West,9,5,2023
29524380,Local31,21481,electric,2023-05-04T15:01:46.000,2023-05-04T00:00:00.000,2025-11-19 15:01:46,4061,Lakeshore/Austin Hostel,4061,4th/Congress,14,5,2023
29764929,Local31,19403,electric,2023-05-30T11:03:33.000,2023-05-30T00:00:00.000,2025-11-19 11:03:33,4061,Lakeshore/Austin Hostel,4061,4th/Congress,14,5,2023
29775136,Local31,16395,electric,2023-05-31T13:53:56.000,2023-05-31T00:00:00.000,2025-11-19 13:53:56,3687,Boardwalk West,3687,4th/Congress,7,5,2023
29775736,Local31,16395,electric,2023-05-31T14:52:31.000,2023-05-31T00:00:00.000,2025-11-19 14:52:31,2495,4th/Congress,2495,Lakeshore/Austin Hostel,14,5,2023
29654553,Local31,16845,electric,2023-05-18T14:11:59.000,2023-05-18T00:00:00.000,2025-11-19 14:11:59,2495,4th/Congress,2495,Lakeshore/Austin Hostel,15,5,2023
29661563,Local31,23277,electric,2023-05-19T12:42:54.000,2023-05-19T00:00:00.000,2025-11-19 12:42:54,3687,Boardwalk West,3687,Lakeshore/Austin Hostel,8,5,2023
29697445,Local31,21747,electric,2023-05-23T10:31:21.000,2023-05-23T00:00:00.000,2025-11-19 10:31:21,2495,4th/Congress,2495,Lakeshore/Austin Hostel,14,5,2023
29631132,Local31,19453,electric,2023-05-15T14:17:04.000,2023-05-15T00:00:00.000,2025-11-19 14:17:04,2495,4th/Congress,2495,Lakeshore/Austin Hostel,14,5,2023
29637084,Local31,19688,electric,2023-05-16T11:34:25.000,2023-05-16T00:00:00.000,2025-11-19 11:34:25,4061,Lakeshore/Austin Hostel,4061,4th/Congress,16,5,2023
29637786,Local31,19688,electric,2023-05-16T12:54:03.000,2023-05-16T00:00:00.000,2025-11-19 12:54:03,2495,4th/Congress,2495,Lakeshore/Austin Hostel,15,5,2023
29647059,Local31,18592,electric,2023-05-17T14:55:23.000,2023-05-17T00:00:00.000,2025-11-19 14:55:23,4061,Lakeshore/Austin Hostel,4061,8th/Congress,16,5,2023
29647405,Local31,22521,electric,2023-05-17T15:34:49.000,2023-05-17T00:00:00.000,2025-11-19 15:34:49,2496,8th/Congress,2496,3rd/West,12,5,2023
29566438,Local31,21816,electric,2023-05-08T14:08:17.000,2023-05-08T00:00:00.000,2025-11-19 14:08:17,2495,4th/Congress,2495,Boardwalk West,7,5,2023
29653319,Local365,21558,electric,2023-05-18T12:00:00.000,2023-05-18T00:00:00.000,2025-11-19 12:00:00,3686,Sterzing/Barton Springs,3686,Barton Springs/Bouldin @ Palmer Auditorium,4,5,2023
29733588,Explorer,21676,electric,2023-05-27T12:51:58.000,2023-05-27T00:00:00.000,2025-11-19 12:51:58,4057,6th/Chalmers,4057,Barton Springs Pool,35,5,2023
29646704,Local365,21688,electric,2023-05-17T14:16:57.000,2023-05-17T00:00:00.000,2025-11-19 14:16:57,2504,South Congress/Elizabeth,2504,2nd/Congress,9,5,2023
29775461,Local365,21739,electric,2023-05-31T14:26:54.000,2023-05-31T00:00:00.000,2025-11-19 14:26:54,2494,2nd/Congress,2494,South Congress/Academy,7,5,2023
29771972,Local365,21541,electric,2023-05-31T07:52:06.000,2023-05-31T00:00:00.000,2025-11-19 07:52:06,2570,South Congress/Academy,2570,2nd/Congress,8,5,2023
29536677,Student Membership,19148,electric,2023-05-05T16:47:14.000,2023-05-05T00:00:00.000,2025-11-19 16:47:14,3795,Dean Keeton/Whitis,3795,23rd/San Jacinto @ DKR Stadium,4,5,2023
29552469,Student Membership,18101,electric,2023-05-07T00:28:21.000,2023-05-07T00:00:00.000,2025-11-19 00:28:21,4938,22.5/Rio Grande,4938,28th/Rio Grande,4,5,2023
29693881,Local31,19730,electric,2023-05-22T18:37:22.000,2023-05-22T00:00:00.000,2025-11-19 18:37:22,2499,2nd/Lavaca @ City Hall,2499,Lakeshore/Austin Hostel,41,5,2023
29502239,Student Membership,19163,electric,2023-05-02T13:09:47.000,2023-05-02T00:00:00.000,2025-11-19 13:09:47,7341,Dean Keeton/Park Place,7341,21st/University,5,5,2023
29504961,Student Membership,19214,electric,2023-05-02T16:48:07.000,2023-05-02T00:00:00.000,2025-11-19 16:48:07,7189,28th/Rio Grande,7189,26th/Nueces,2,5,2023
29765098,Student Membership,21419,electric,2023-05-30T11:22:45.000,2023-05-30T00:00:00.000,2025-11-19 11:22:45,3798,21st/Speedway @ PCL,3798,28th/Rio Grande,7,5,2023
29502940,Student Membership,21859,electric,2023-05-02T14:06:15.000,2023-05-02T00:00:00.000,2025-11-19 14:06:15,3838,26th/Nueces,3838,22.5/Rio Grande,3,5,2023
29531101,Student Membership,19163,electric,2023-05-05T08:59:18.000,2023-05-05T00:00:00.000,2025-11-19 08:59:18,7125,23rd/Pearl,7125,21st/Speedway @ PCL,4,5,2023
29543461,Student Membership,21767,electric,2023-05-06T11:48:48.000,2023-05-06T00:00:00.000,2025-11-19 11:48:48,3838,26th/Nueces,3838,Lake Austin Blvd/Deep Eddy,24,5,2023
29705158,Local365,21772,electric,2023-05-24T08:50:56.000,2023-05-24T00:00:00.000,2025-11-19 08:50:56,3619,6th/Congress,3619,South Congress @ Bouldin Creek,7,5,2023
29707700,Local365,21772,electric,2023-05-24T13:31:47.000,2023-05-24T00:00:00.000,2025-11-19 13:31:47,4048,South Congress @ Bouldin Creek,4048,South Congress/Mary,4,5,2023
29629970,Local365,21472,electric,2023-05-15T12:05:11.000,2023-05-15T00:00:00.000,2025-11-19 12:05:11,3619,6th/Congress,3619,South Congress @ Bouldin Creek,26,5,2023
29584626,Local365,21457,electric,2023-05-10T10:01:27.000,2023-05-10T00:00:00.000,2025-11-19 10:01:27,3513,South Congress/Barton Springs @ The Austin American-Statesman,3513,6th/Congress,4,5,2023
29542319,Local365,21413,electric,2023-05-06T10:03:12.000,2023-05-06T00:00:00.000,2025-11-19 10:03:12,4048,South Congress @ Bouldin Creek,4048,6th/Congress,5,5,2023
29491917,Student Membership,3,classic,2023-05-01T12:03:39.000,2023-05-01T00:00:00.000,2025-11-19 12:03:39,3838,26th/Nueces,3838,21st/Speedway @ PCL,7,5,2023
29494015,Student Membership,19734,electric,2023-05-01T14:49:41.000,2023-05-01T00:00:00.000,2025-11-19 14:49:41,3838,26th/Nueces,3838,21st/Speedway @ PCL,7,5,2023
29713943,Student Membership,21691,electric,2023-05-25T10:13:34.000,2023-05-25T00:00:00.000,2025-11-19 10:13:34,3790,Lake Austin Blvd/Deep Eddy,3790,Dean Keeton/Speedway,24,5,2023
29554530,Local31,21486,electric,2023-05-07T11:10:10.000,2023-05-07T00:00:00.000,2025-11-19 11:10:10,2572,Barton Springs Pool,2572,5th/Campbell,14,5,2023
29777752,Local31,22461,electric,2023-05-31T18:08:15.000,2023-05-31T00:00:00.000,2025-11-19 18:08:15,4050,5th/Campbell,4050,3rd/Trinity @ The Convention Center,10,5,2023
29779989,Local31,22461,electric,2023-05-31T22:27:02.000,2023-05-31T00:00:00.000,2025-11-19 22:27:02,2539,3rd/Trinity @ The Convention Center,2539,5th/Campbell,12,5,2023
29659794,Local31,19107,electric,2023-05-19T09:06:51.000,2023-05-19T00:00:00.000,2025-11-19 09:06:51,2572,Barton Springs Pool,2572,5th/Campbell,11,5,2023
29702786,Local31,2130,classic,2023-05-23T19:19:43.000,2023-05-23T00:00:00.000,2025-11-19 19:19:43,2574,Zilker Park,2574,5th/Campbell,10,5,2023
29727976,Local31,19645,electric,2023-05-26T18:50:27.000,2023-05-26T00:00:00.000,2025-11-19 18:50:27,2574,Zilker Park,2574,5th/Campbell,8,5,2023
29742450,Local365,19213,electric,2023-05-28T09:42:02.000,2023-05-28T00:00:00.000,2025-11-19 09:42:02,4054,Rosewood/Chicon,4054,Nash Hernandez/East @ RBJ South,12,5,2023
29719225,Local31,21792,electric,2023-05-25T19:00:33.000,2023-05-25T00:00:00.000,2025-11-19 19:00:33,7186,One Texas Center,7186,8th/Red River,9,5,2023
29729016,Local31,21702,electric,2023-05-26T20:26:38.000,2023-05-26T00:00:00.000,2025-11-19 20:26:38,7186,One Texas Center,7186,3rd/Nueces,9,5,2023
29730310,Local31,21468,electric,2023-05-27T01:45:35.000,2023-05-27T00:00:00.000,2025-11-19 01:45:35,3294,6th/Lavaca,3294,One Texas Center,7,5,2023
29745221,Student Membership,21792,electric,2023-05-28T13:48:52.000,2023-05-28T00:00:00.000,2025-11-19 13:48:52,3797,21st/University,3797,26th/Nueces,5,5,2023
29621875,Local365,21729,electric,2023-05-14T01:52:52.000,2023-05-14T00:00:00.000,2025-11-19 01:52:52,2537,6th/West,2537,Red River/Cesar Chavez @ The Fairmont,11,5,2023
29697776,Local365,17850,electric,2023-05-23T11:10:53.000,2023-05-23T00:00:00.000,2025-11-19 11:10:53,3619,6th/Congress,3619,Red River/Cesar Chavez @ The Fairmont,9,5,2023
29550617,Local31,19214,electric,2023-05-06T20:18:27.000,2023-05-06T00:00:00.000,2025-11-19 20:18:27,4062,Lakeshore/Pleasant Valley,4062,3rd/Nueces,19,5,2023
29752593,Local31,19401,electric,2023-05-29T03:43:46.000,2023-05-29T00:00:00.000,2025-11-19 03:43:46,2537,6th/West,2537,3rd/Nueces,2,5,2023
14259106,Local30,910,classic,2017-03-31T13:35:59.000,2017-03-31T00:00:00.000,2025-11-19 13:35:59,2494,2nd & Congress,3660,Medina & East 6th,14,3,2017
29752597,Local31,19213,electric,2023-05-29T03:46:14.000,2023-05-29T00:00:00.000,2025-11-19 03:46:14,3621,3rd/Nueces,3621,Lakeshore/Pleasant Valley,16,5,2023
29763272,Local31,19403,electric,2023-05-30T04:13:22.000,2023-05-30T00:00:00.000,2025-11-19 04:13:22,2565,6th/Trinity,2565,Lakeshore/Pleasant Valley,15,5,2023
29534160,Local31,1612,classic,2023-05-05T13:42:57.000,2023-05-05T00:00:00.000,2025-11-19 13:42:57,4061,Lakeshore/Austin Hostel,4061,Lakeshore/Austin Hostel,46,5,2023
29631484,Local31,19688,electric,2023-05-15T14:55:06.000,2023-05-15T00:00:00.000,2025-11-19 14:55:06,4061,Lakeshore/Austin Hostel,4061,Lakeshore/Austin Hostel,64,5,2023
29723928,Local31,21610,electric,2023-05-26T12:45:59.000,2023-05-26T00:00:00.000,2025-11-19 12:45:59,4061,Lakeshore/Austin Hostel,4061,Lakeshore/Austin Hostel,38,5,2023
29766656,Local31,21712,electric,2023-05-30T14:10:01.000,2023-05-30T00:00:00.000,2025-11-19 14:10:01,2575,Riverside/South Lamar,2575,Riverside/South Lamar,37,5,2023
29517782,Local365,17347,electric,2023-05-03T20:09:32.000,2023-05-03T00:00:00.000,2025-11-19 20:09:32,2495,4th/Congress,2495,East 6th/Medina,5,5,2023
29771960,Local365,19251,electric,2023-05-31T07:51:00.000,2023-05-31T00:00:00.000,2025-11-19 07:51:00,3660,East 6th/Medina,3660,4th/Congress,5,5,2023
29756376,Local365,19163,electric,2023-05-29T13:38:10.000,2023-05-29T00:00:00.000,2025-11-19 13:38:10,2544,East 6th/Pedernales,2544,East 6th/Medina,8,5,2023
29757475,Local365,19163,electric,2023-05-29T14:46:24.000,2023-05-29T00:00:00.000,2025-11-19 14:46:24,3660,East 6th/Medina,3660,Barton Springs/Kinney,13,5,2023
29759493,Local365,17347,electric,2023-05-29T17:07:20.000,2023-05-29T00:00:00.000,2025-11-19 17:07:20,2711,Barton Springs/Kinney,2711,East 6th/Medina,16,5,2023
29742081,Local365,21821,electric,2023-05-28T08:43:55.000,2023-05-28T00:00:00.000,2025-11-19 08:43:55,3660,East 6th/Medina,3660,Rainey/Cummings,6,5,2023
29719413,Local365,19870,electric,2023-05-25T19:16:04.000,2023-05-25T00:00:00.000,2025-11-19 19:16:04,3660,East 6th/Medina,3660,Lakeshore/Austin Hostel,32,5,2023
29643667,Local365,21464,electric,2023-05-17T08:06:53.000,2023-05-17T00:00:00.000,2025-11-19 08:06:53,3660,East 6th/Medina,3660,4th/Congress,8,5,2023
29614238,Local365,19870,electric,2023-05-13T10:46:46.000,2023-05-13T00:00:00.000,2025-11-19 10:46:46,3660,East 6th/Medina,3660,South Congress/Mary,14,5,2023
29622914,Local365,19821,electric,2023-05-14T10:58:55.000,2023-05-14T00:00:00.000,2025-11-19 10:58:55,3660,East 6th/Medina,3660,4th/Congress,6,5,2023
29747222,Pay-as-you-ride,19163,electric,2023-05-28T16:03:27.000,2023-05-28T00:00:00.000,2025-11-19 16:03:27,2567,Barton Springs/Bouldin @ Palmer Auditorium,2567,Cesar Chavez/Congress,14,5,2023
29493826,Local31,19314,electric,2023-05-01T14:32:17.000,2023-05-01T00:00:00.000,2025-11-19 14:32:17,3798,21st/Speedway @ PCL,3798,4th/Congress,9,5,2023
29498943,Local31,21423,electric,2023-05-02T06:50:04.000,2023-05-02T00:00:00.000,2025-11-19 06:50:04,4061,Lakeshore/Austin Hostel,4061,21st/Speedway @ PCL,20,5,2023
29511479,Local31,21543,electric,2023-05-03T12:25:05.000,2023-05-03T00:00:00.000,2025-11-19 12:25:05,3798,21st/Speedway @ PCL,3798,4th/Congress,12,5,2023
29511874,Local31,21543,electric,2023-05-03T12:52:47.000,2023-05-03T00:00:00.000,2025-11-19 12:52:47,2495,4th/Congress,2495,Lakeshore/Austin Hostel,13,5,2023
29766695,Local31,19679,electric,2023-05-30T14:13:08.000,2023-05-30T00:00:00.000,2025-11-19 14:13:08,3798,21st/Speedway @ PCL,3798,Lakeshore/Austin Hostel,22,5,2023
29715249,Local31,21610,electric,2023-05-25T12:42:38.000,2023-05-25T00:00:00.000,2025-11-19 12:42:38,3798,21st/Speedway @ PCL,3798,Lakeshore/Austin Hostel,21,5,2023
29725567,Local31,16279,electric,2023-05-26T15:05:28.000,2023-05-26T00:00:00.000,2025-11-19 15:05:28,3798,21st/Speedway @ PCL,3798,Lakeshore/Austin Hostel,22,5,2023
29734565,Local31,213,classic,2023-05-27T13:54:23.000,2023-05-27T00:00:00.000,2025-11-19 13:54:23,3798,21st/Speedway @ PCL,3798,21st/University,4,5,2023
29734631,Local31,148G,classic,2023-05-27T13:59:13.000,2023-05-27T00:00:00.000,2025-11-19 13:59:13,3797,21st/University,3797,11th/Congress @ The Texas Capitol,8,5,2023
29708421,Local31,306,classic,2023-05-24T14:46:30.000,2023-05-24T00:00:00.000,2025-11-19 14:46:30,3798,21st/Speedway @ PCL,3798,23rd/San Jacinto @ DKR Stadium,4,5,2023
29708452,Local31,004G,classic,2023-05-24T14:50:53.000,2023-05-24T00:00:00.000,2025-11-19 14:50:53,3799,23rd/San Jacinto @ DKR Stadium,3799,13th/Trinity @ Waterloo Greenway,7,5,2023
29708530,Local31,19869,electric,2023-05-24T14:58:10.000,2023-05-24T00:00:00.000,2025-11-19 14:58:10,7131,13th/Trinity @ Waterloo Greenway,7131,Lakeshore/Austin Hostel,18,5,2023
29712905,Local31,21728,electric,2023-05-25T06:55:59.000,2023-05-25T00:00:00.000,2025-11-19 06:55:59,4061,Lakeshore/Austin Hostel,4061,Lakeshore/Pleasant Valley,3,5,2023
29492143,Local365,106,classic,2023-05-01T12:20:35.000,2023-05-01T00:00:00.000,2025-11-19 12:20:35,3513,South Congress/Barton Springs @ The Austin American-Statesman,3513,Lakeshore/Austin Hostel,20,5,2023
29492372,Local365,16395,electric,2023-05-01T12:40:52.000,2023-05-01T00:00:00.000,2025-11-19 12:40:52,4061,Lakeshore/Austin Hostel,4061,Rainey/Cummings,20,5,2023
29623558,Local365,21884,electric,2023-05-14T12:32:03.000,2023-05-14T00:00:00.000,2025-11-19 12:32:03,3687,Boardwalk West,3687,East 6th/Medina,9,5,2023
29614401,Local365,19177,electric,2023-05-13T11:05:29.000,2023-05-13T00:00:00.000,2025-11-19 11:05:29,2544,East 6th/Pedernales,2544,East 5th/Shady @ Eastside Bus Plaza,7,5,2023
29555615,Local365,21699,electric,2023-05-07T12:41:47.000,2023-05-07T00:00:00.000,2025-11-19 12:41:47,3619,6th/Congress,3619,East 5th/Shady @ Eastside Bus Plaza,18,5,2023
29589123,Local365,21438,electric,2023-05-10T17:02:54.000,2023-05-10T00:00:00.000,2025-11-19 17:02:54,2539,3rd/Trinity @ The Convention Center,2539,East 5th/Shady @ Eastside Bus Plaza,15,5,2023
29551682,Local365,19730,electric,2023-05-06T22:16:00.000,2023-05-06T00:00:00.000,2025-11-19 22:16:00,3660,East 6th/Medina,3660,Electric Drive/Sandra Muraida Way @ Pfluger Ped Bridge,10,5,2023
29714836,Local365,18696,electric,2023-05-25T11:58:19.000,2023-05-25T00:00:00.000,2025-11-19 11:58:19,4061,Lakeshore/Austin Hostel,4061,Boardwalk West,11,5,2023
29670929,Local365,19194,electric,2023-05-20T13:49:15.000,2023-05-20T00:00:00.000,2025-11-19 13:49:15,3293,East 2nd/Pedernales,3293,Riverside/South Lamar,26,5,2023
29746532,Local365,21707,electric,2023-05-28T15:17:44.000,2023-05-28T00:00:00.000,2025-11-19 15:17:44,4061,Lakeshore/Austin Hostel,4061,East 2nd/Pedernales,11,5,2023
29779273,Local31,16936,electric,2023-05-31T20:28:28.000,2023-05-31T00:00:00.000,2025-11-19 20:28:28,2572,Barton Springs Pool,2572,Boardwalk West,17,5,2023
29779269,Local31,19303,electric,2023-05-31T20:27:56.000,2023-05-31T00:00:00.000,2025-11-19 20:27:56,2572,Barton Springs Pool,2572,Boardwalk West,18,5,2023
29774421,Local365,18329,electric,2023-05-31T12:42:57.000,2023-05-31T00:00:00.000,2025-11-19 12:42:57,3513,South Congress/Barton Springs @ The Austin American-Statesman,3513,South Congress/Barton Springs @ The Austin American-Statesman,3,5,2023
29774457,Local365,18329,electric,2023-05-31T12:45:59.000,2023-05-31T00:00:00.000,2025-11-19 12:45:59,3513,South Congress/Barton Springs @ The Austin American-Statesman,3513,South Congress/Barton Springs @ The Austin American-Statesman,2,5,2023
29663833,Local365,19943,electric,2023-05-19T16:28:58.000,2023-05-19T00:00:00.000,2025-11-19 16:28:58,2495,4th/Congress,2495,4th/Congress,5,5,2023
29635337,Local365,21499,electric,2023-05-16T01:54:35.000,2023-05-16T00:00:00.000,2025-11-19 01:54:35,3619,6th/Congress,3619,16th/San Antonio,7,5,2023
29515101,Local31,16828,electric,2023-05-03T16:42:03.000,2023-05-03T00:00:00.000,2025-11-19 16:42:03,3794,4th/Sabine,3794,Riverside/South Lamar,9,5,2023
29706735,Local31,21630,electric,2023-05-24T11:52:42.000,2023-05-24T00:00:00.000,2025-11-19 11:52:42,3660,East 6th/Medina,3660,Plaza Saltillo,3,5,2023
29706763,Local31,1277,classic,2023-05-24T11:56:10.000,2023-05-24T00:00:00.000,2025-11-19 11:56:10,2542,Plaza Saltillo,2542,East 5th/Broadway @ Capital Metro HQ,5,5,2023
29778091,Local31,21792,electric,2023-05-31T18:39:42.000,2023-05-31T00:00:00.000,2025-11-19 18:39:42,3660,East 6th/Medina,3660,East 5th/Broadway @ Capital Metro HQ,9,5,2023
29585479,Student Membership,21895,electric,2023-05-10T11:26:48.000,2023-05-10T00:00:00.000,2025-11-19 11:26:48,3798,21st/Speedway @ PCL,3798,26th/Nueces,8,5,2023
29645310,Student Membership,19303,electric,2023-05-17T12:01:25.000,2023-05-17T00:00:00.000,2025-11-19 12:01:25,3838,26th/Nueces,3838,21st/Guadalupe,4,5,2023
29490935,Student Membership,21430,electric,2023-05-01T10:17:52.000,2023-05-01T00:00:00.000,2025-11-19 10:17:52,7125,23rd/Pearl,7125,Dean Keeton/Speedway,10,5,2023
29523361,Student Membership,21806,electric,2023-05-04T13:51:33.000,2023-05-04T00:00:00.000,2025-11-19 13:51:33,7125,23rd/Pearl,7125,Dean Keeton/Speedway,27,5,2023
29766194,Student Membership,229,classic,2023-05-30T13:22:24.000,2023-05-30T00:00:00.000,2025-11-19 13:22:24,7189,28th/Rio Grande,7189,21st/Speedway @ PCL,10,5,2023
29768862,Student Membership,19704,electric,2023-05-30T17:39:29.000,2023-05-30T00:00:00.000,2025-11-19 17:39:29,3799,23rd/San Jacinto @ DKR Stadium,3799,28th/Rio Grande,10,5,2023
29772983,Student Membership,19328,electric,2023-05-31T10:09:41.000,2023-05-31T00:00:00.000,2025-11-19 10:09:41,7189,28th/Rio Grande,7189,23rd/San Jacinto @ DKR Stadium,13,5,2023
29676960,Student Membership,21523,electric,2023-05-20T22:08:45.000,2023-05-20T00:00:00.000,2025-11-19 22:08:45,3799,23rd/San Jacinto @ DKR Stadium,3799,23rd/Pearl,10,5,2023
29531018,Student Membership,21476,electric,2023-05-05T08:45:47.000,2023-05-05T00:00:00.000,2025-11-19 08:45:47,7125,23rd/Pearl,7125,Dean Keeton/Speedway,7,5,2023
29777910,Student Membership,21481,electric,2023-05-31T18:22:42.000,2023-05-31T00:00:00.000,2025-11-19 18:22:42,7188,22nd/Pearl,7188,Sterzing/Barton Springs,20,5,2023
29778958,Student Membership,19730,electric,2023-05-31T19:53:57.000,2023-05-31T00:00:00.000,2025-11-19 19:53:57,2574,Zilker Park,2574,22nd/Pearl,23,5,2023
29769964,Student Membership,19693,electric,2023-05-30T19:13:06.000,2023-05-30T00:00:00.000,2025-11-19 19:13:06,4048,South Congress @ Bouldin Creek,4048,Barton Springs/Kinney,12,5,2023
29772588,Student Membership,21477,electric,2023-05-31T09:23:30.000,2023-05-31T00:00:00.000,2025-11-19 09:23:30,7188,22nd/Pearl,7188,Dean Keeton/Whitis,5,5,2023
29661560,Student Membership,21703,electric,2023-05-19T12:42:49.000,2023-05-19T00:00:00.000,2025-11-19 12:42:49,2499,2nd/Lavaca @ City Hall,2499,South Congress @ Bouldin Creek,11,5,2023
29717790,Student Membership,19328,electric,2023-05-25T17:01:43.000,2023-05-25T00:00:00.000,2025-11-19 17:01:43,7188,22nd/Pearl,7188,5th/Bowie,11,5,2023
29650259,Student Membership,16936,electric,2023-05-17T20:00:45.000,2023-05-17T00:00:00.000,2025-11-19 20:00:45,3619,6th/Congress,3619,22.5/Rio Grande,13,5,2023
29779272,Student Membership,21689,electric,2023-05-31T20:28:09.000,2023-05-31T00:00:00.000,2025-11-19 20:28:09,7125,23rd/Pearl,7125,28th/Rio Grande,4,5,2023
29503779,Local365,21467,electric,2023-05-02T15:15:00.000,2023-05-02T00:00:00.000,2025-11-19 15:15:00,2542,Plaza Saltillo,2542,East 6th/Pedernales,5,5,2023
29776485,Local365,19250,electric,2023-05-31T16:06:54.000,2023-05-31T00:00:00.000,2025-11-19 16:06:54,2544,East 6th/Pedernales,2544,2nd/Lavaca @ City Hall,21,5,2023
29726744,3-Day Weekender,21455,electric,2023-05-26T17:06:13.000,2023-05-26T00:00:00.000,2025-11-19 17:06:13,2566,Electric Drive/Sandra Muraida Way @ Pfluger Ped Bridge,2566,East 6th/Pedernales,23,5,2023
29724766,3-Day Weekender,21699,electric,2023-05-26T14:05:37.000,2023-05-26T00:00:00.000,2025-11-19 14:05:37,2823,East 5th/Broadway @ Capital Metro HQ,2823,Barton Springs/Kinney,40,5,2023
29779521,Local365,21849,electric,2023-05-31T21:00:48.000,2023-05-31T00:00:00.000,2025-11-19 21:00:48,2539,3rd/Trinity @ The Convention Center,2539,East 6th/Medina,17,5,2023
29702021,Local365,21630,electric,2023-05-23T18:17:41.000,2023-05-23T00:00:00.000,2025-11-19 18:17:41,2494,2nd/Congress,2494,South 1st/Riverside @ Long Center,52,5,2023
29559923,Local365,19367,electric,2023-05-07T17:36:54.000,2023-05-07T00:00:00.000,2025-11-19 17:36:54,2566,Electric Drive/Sandra Muraida Way @ Pfluger Ped Bridge,2566,4th/Sabine,28,5,2023
29619794,Local365,19869,electric,2023-05-13T19:07:25.000,2023-05-13T00:00:00.000,2025-11-19 19:07:25,3794,4th/Sabine,3794,3rd/Trinity @ The Convention Center,39,5,2023
29558844,Local365,19110,electric,2023-05-07T16:22:14.000,2023-05-07T00:00:00.000,2025-11-19 16:22:14,3660,East 6th/Medina,3660,South 1st/Riverside @ Long Center,52,5,2023
29499299,Local365,17751,electric,2023-05-02T08:30:04.000,2023-05-02T00:00:00.000,2025-11-19 08:30:04,4059,Nash Hernandez/East @ RBJ South,4059,2nd/Congress,6,5,2023
29514055,Local365,18592,electric,2023-05-03T15:29:54.000,2023-05-03T00:00:00.000,2025-11-19 15:29:54,2494,2nd/Congress,2494,Nash Hernandez/East @ RBJ South,8,5,2023
29532990,Local365,21828,electric,2023-05-05T12:16:31.000,2023-05-05T00:00:00.000,2025-11-19 12:16:31,2494,2nd/Congress,2494,Nash Hernandez/East @ RBJ South,8,5,2023
29777061,Local365,22470,electric,2023-05-31T17:00:00.000,2023-05-31T00:00:00.000,2025-11-19 17:00:00,2494,2nd/Congress,2494,Nash Hernandez/East @ RBJ South,7,5,2023
29692738,Local365,21491,electric,2023-05-22T17:06:39.000,2023-05-22T00:00:00.000,2025-11-19 17:06:39,2494,2nd/Congress,2494,Nash Hernandez/East @ RBJ South,11,5,2023
29696585,Local365,21491,electric,2023-05-23T08:32:00.000,2023-05-23T00:00:00.000,2025-11-19 08:32:00,4059,Nash Hernandez/East @ RBJ South,4059,2nd/Congress,7,5,2023
29594298,Local365,229G,classic,2023-05-11T08:38:55.000,2023-05-11T00:00:00.000,2025-11-19 08:38:55,4059,Nash Hernandez/East @ RBJ South,4059,2nd/Congress,10,5,2023
29549681,Local365,1543,classic,2023-05-06T19:05:07.000,2023-05-06T00:00:00.000,2025-11-19 19:05:07,4059,Nash Hernandez/East @ RBJ South,4059,Rainey/Cummings,5,5,2023
29709595,Student Membership,849,classic,2023-05-24T16:57:09.000,2023-05-24T00:00:00.000,2025-11-19 16:57:09,3799,23rd/San Jacinto @ DKR Stadium,3799,21st/Speedway @ PCL,4,5,2023
29770897,Student Membership,22174,electric,2023-05-30T21:01:28.000,2023-05-30T00:00:00.000,2025-11-19 21:01:28,3838,26th/Nueces,3838,23rd/Pearl,5,5,2023
29557092,Student Membership,21666,electric,2023-05-07T14:19:51.000,2023-05-07T00:00:00.000,2025-11-19 14:19:51,7188,22nd/Pearl,7188,10th/Red River,12,5,2023
29557553,Student Membership,21666,electric,2023-05-07T14:48:07.000,2023-05-07T00:00:00.000,2025-11-19 14:48:07,4051,10th/Red River,4051,23rd/Pearl,41,5,2023
29643704,Local365,21798,electric,2023-05-17T08:16:23.000,2023-05-17T00:00:00.000,2025-11-19 08:16:23,2539,3rd/Trinity @ The Convention Center,2539,One Texas Center,7,5,2023
29557072,Local365,19461,electric,2023-05-07T14:18:43.000,2023-05-07T00:00:00.000,2025-11-19 14:18:43,2572,Barton Springs Pool,2572,Nash Hernandez/East @ RBJ South,54,5,2023
29673465,Local365,19274,electric,2023-05-20T16:42:48.000,2023-05-20T00:00:00.000,2025-11-19 16:42:48,2575,Riverside/South Lamar,2575,Rainey/Cummings,55,5,2023
29640942,Local365,1612,classic,2023-05-16T18:03:14.000,2023-05-16T00:00:00.000,2025-11-19 18:03:14,4059,Nash Hernandez/East @ RBJ South,4059,Rainey/Cummings,4,5,2023
29648848,Explorer,21744,electric,2023-05-17T17:50:29.000,2023-05-17T00:00:00.000,2025-11-19 17:50:29,2501,5th/Bowie,2501,5th/Bowie,79,5,2023
29696791,Local365,19943,electric,2023-05-23T09:02:19.000,2023-05-23T00:00:00.000,2025-11-19 09:02:19,4051,10th/Red River,4051,8th/Congress,4,5,2023
29695320,Explorer,22470,electric,2023-05-22T20:57:16.000,2023-05-22T00:00:00.000,2025-11-19 20:57:16,3794,4th/Sabine,3794,4th/Sabine,63,5,2023
29506026,Local365,19224,electric,2023-05-02T18:10:32.000,2023-05-02T00:00:00.000,2025-11-19 18:10:32,4061,Lakeshore/Austin Hostel,4061,Lakeshore/Austin Hostel,29,5,2023
29776287,3-Day Weekender,513,classic,2023-05-31T15:47:49.000,2023-05-31T00:00:00.000,2025-11-19 15:47:49,2707,Rainey/Cummings,2707,Rainey/Driskill,3,5,2023
29776330,3-Day Weekender,21859,electric,2023-05-31T15:51:26.000,2023-05-31T00:00:00.000,2025-11-19 15:51:26,2563,Rainey/Driskill,2563,South Congress/Academy,19,5,2023
29731608,Local31,17438,electric,2023-05-27T10:19:15.000,2023-05-27T00:00:00.000,2025-11-19 10:19:15,3513,South Congress/Barton Springs @ The Austin American-Statesman,3513,South Congress/Barton Springs @ The Austin American-Statesman,70,5,2023
29739247,Local365,21486,electric,2023-05-27T19:30:03.000,2023-05-27T00:00:00.000,2025-11-19 19:30:03,2503,South Congress/James,2503,East 11th/San Marcos,16,5,2023
29656563,Local31,19706,electric,2023-05-18T17:36:59.000,2023-05-18T00:00:00.000,2025-11-19 17:36:59,2572,Barton Springs Pool,2572,Electric Drive/Sandra Muraida Way @ Pfluger Ped Bridge,43,5,2023
29657008,Local31,19706,electric,2023-05-18T18:19:22.000,2023-05-18T00:00:00.000,2025-11-19 18:19:22,2566,Electric Drive/Sandra Muraida Way @ Pfluger Ped Bridge,2566,23rd/San Jacinto @ DKR Stadium,26,5,2023
29548456,Pay-as-you-ride,72,classic,2023-05-06T17:31:01.000,2023-05-06T00:00:00.000,2025-11-19 17:31:01,2575,Riverside/South Lamar,2575,Lakeshore/Austin Hostel,18,5,2023
29673130,Local365,18329,electric,2023-05-20T16:17:01.000,2023-05-20T00:00:00.000,2025-11-19 16:17:01,4059,Nash Hernandez/East @ RBJ South,4059,Nash Hernandez/East @ RBJ South,49,5,2023
29554244,Local31,16322,electric,2023-05-07T10:39:24.000,2023-05-07T00:00:00.000,2025-11-19 10:39:24,4699,East 5th/Shady @ Eastside Bus Plaza,4699,Dean Keeton/Park Place,27,5,2023
29527626,Student Membership,22581,electric,2023-05-04T18:57:55.000,2023-05-04T00:00:00.000,2025-11-19 18:57:55,2497,11th/Congress @ The Texas Capitol,2497,22nd/Pearl,14,5,2023
29530726,Student Membership,21495,electric,2023-05-05T07:47:30.000,2023-05-05T00:00:00.000,2025-11-19 07:47:30,7188,22nd/Pearl,7188,Dean Keeton/Park Place,11,5,2023
29534742,Student Membership,21666,electric,2023-05-05T14:23:40.000,2023-05-05T00:00:00.000,2025-11-19 14:23:40,7188,22nd/Pearl,7188,4th/Guadalupe @ Republic Square,20,5,2023
29745762,Local31,21752,electric,2023-05-28T14:25:11.000,2023-05-28T00:00:00.000,2025-11-19 14:25:11,3293,East 2nd/Pedernales,3293,East 2nd/Pedernales,196,5,2023
29639479,Student Membership,22155,electric,2023-05-16T15:45:37.000,2023-05-16T00:00:00.000,2025-11-19 15:45:37,7188,22nd/Pearl,7188,Dean Keeton/Whitis,5,5,2023
13504289,Annual Membership,746,classic,2017-01-21T15:21:17.000,2017-01-21T00:00:00.000,2025-11-19 15:21:17,2496,8th & Congress,2497,Capitol Station / Congress & 11th,24,1,2017
29565502,Student Membership,21457,electric,2023-05-08T12:28:02.000,2023-05-08T00:00:00.000,2025-11-19 12:28:02,7188,22nd/Pearl,7188,Dean Keeton/Whitis,4,5,2023
13387229,Annual Membership,416,classic,2017-01-09T17:21:08.000,2017-01-09T00:00:00.000,2025-11-19 17:21:08,2571,Red River & 8th Street,2495,4th & Congress,14,1,2017
29534822,Pay-as-you-ride,21886,electric,2023-05-05T14:29:49.000,2023-05-05T00:00:00.000,2025-11-19 14:29:49,3790,Lake Austin Blvd/Deep Eddy,3790,Lake Austin Blvd/Deep Eddy,31,5,2023
29532621,Explorer,19847,electric,2023-05-05T11:44:39.000,2023-05-05T00:00:00.000,2025-11-19 11:44:39,2497,11th/Congress @ The Texas Capitol,2497,South Congress/James,24,5,2023
29668161,Student Membership,306,classic,2023-05-20T09:25:24.000,2023-05-20T00:00:00.000,2025-11-19 09:25:24,2565,6th/Trinity,2565,5th/Bowie,23,5,2023
29778338,Local31,22530,electric,2023-05-31T18:57:59.000,2023-05-31T00:00:00.000,2025-11-19 18:57:59,3455,4th/Guadalupe @ Republic Square,3455,South Congress @ Bouldin Creek,8,5,2023
29779173,Local31,22530,electric,2023-05-31T20:16:07.000,2023-05-31T00:00:00.000,2025-11-19 20:16:07,4048,South Congress @ Bouldin Creek,4048,Sterzing/Barton Springs,9,5,2023
29710994,Local31,19250,electric,2023-05-24T19:00:06.000,2023-05-24T00:00:00.000,2025-11-19 19:00:06,3455,4th/Guadalupe @ Republic Square,3455,South Congress @ Bouldin Creek,10,5,2023
29712129,Local31,19148,electric,2023-05-24T21:21:45.000,2023-05-24T00:00:00.000,2025-11-19 21:21:45,4048,South Congress @ Bouldin Creek,4048,Sterzing/Barton Springs,10,5,2023
29713661,Local31,21702,electric,2023-05-25T09:36:07.000,2023-05-25T00:00:00.000,2025-11-19 09:36:07,3686,Sterzing/Barton Springs,3686,2nd/Lavaca @ City Hall,10,5,2023
29729212,Local31,19303,electric,2023-05-26T20:49:51.000,2023-05-26T00:00:00.000,2025-11-19 20:49:51,3686,Sterzing/Barton Springs,3686,4th/Guadalupe @ Republic Square,14,5,2023
29668309,Local31,21859,electric,2023-05-20T09:47:09.000,2023-05-20T00:00:00.000,2025-11-19 09:47:09,2711,Barton Springs/Kinney,2711,Sterzing/Barton Springs,5,5,2023
29676621,Local31,21497,electric,2023-05-20T21:14:08.000,2023-05-20T00:00:00.000,2025-11-19 21:14:08,4057,6th/Chalmers,4057,Sterzing/Barton Springs,21,5,2023
29692495,Local31,17370,electric,2023-05-22T16:43:23.000,2023-05-22T00:00:00.000,2025-11-19 16:43:23,4062,Lakeshore/Pleasant Valley,4062,4th/Guadalupe @ Republic Square,27,5,2023
29706207,Local31,21859,electric,2023-05-24T11:03:53.000,2023-05-24T00:00:00.000,2025-11-19 11:03:53,2504,South Congress/Elizabeth,2504,4th/Guadalupe @ Republic Square,14,5,2023
29656756,Local31,21480,electric,2023-05-18T17:53:58.000,2023-05-18T00:00:00.000,2025-11-19 17:53:58,2495,4th/Congress,2495,9th/Henderson,9,5,2023
29662400,Local31,21691,electric,2023-05-19T14:03:00.000,2023-05-19T00:00:00.000,2025-11-19 14:03:00,3686,Sterzing/Barton Springs,3686,South Congress @ Bouldin Creek,9,5,2023
29663103,Local31,21691,electric,2023-05-19T15:16:17.000,2023-05-19T00:00:00.000,2025-11-19 15:16:17,4048,South Congress @ Bouldin Creek,4048,Sterzing/Barton Springs,10,5,2023
29665848,Local31,22511,electric,2023-05-19T19:49:34.000,2023-05-19T00:00:00.000,2025-11-19 19:49:34,3686,Sterzing/Barton Springs,3686,8th/San Jacinto,22,5,2023
29650697,Local31,5,classic,2023-05-17T21:09:14.000,2023-05-17T00:00:00.000,2025-11-19 21:09:14,4048,South Congress @ Bouldin Creek,4048,4th/Guadalupe @ Republic Square,12,5,2023
29559651,Local31,19847,electric,2023-05-07T17:15:06.000,2023-05-07T00:00:00.000,2025-11-19 17:15:06,2565,6th/Trinity,2565,Sterzing/Barton Springs,24,5,2023
29526664,Local31,21798,electric,2023-05-04T17:45:22.000,2023-05-04T00:00:00.000,2025-11-19 17:45:22,2495,4th/Congress,2495,South Congress/James,7,5,2023
13356298,Annual Pass,89,classic,2017-01-05T13:49:48.000,2017-01-05T00:00:00.000,2025-11-19 13:49:48,2540,17th & Guadalupe,2548,UT West Mall @ Guadalupe,7,1,2017
29528433,Local31,21752,electric,2023-05-04T20:07:16.000,2023-05-04T00:00:00.000,2025-11-19 20:07:16,2503,South Congress/James,2503,Rainey/Cummings,13,5,2023
29545625,Local365,21828,electric,2023-05-06T14:13:18.000,2023-05-06T00:00:00.000,2025-11-19 14:13:18,4699,East 5th/Shady @ Eastside Bus Plaza,4699,Nash Hernandez/East @ RBJ South,15,5,2023
29779573,Local365,21744,electric,2023-05-31T21:09:27.000,2023-05-31T00:00:00.000,2025-11-19 21:09:27,4062,Lakeshore/Pleasant Valley,4062,East 5th/Shady @ Eastside Bus Plaza,10,5,2023
29769649,Local365,21747,electric,2023-05-30T18:47:20.000,2023-05-30T00:00:00.000,2025-11-19 18:47:20,4699,East 5th/Shady @ Eastside Bus Plaza,4699,3rd/West,25,5,2023
29651361,Local365,23251,electric,2023-05-18T01:03:00.000,2023-05-18T00:00:00.000,2025-11-19 01:03:00,3294,6th/Lavaca,3294,East 5th/Shady @ Eastside Bus Plaza,16,5,2023
29677295,Local365,21659,electric,2023-05-20T23:23:47.000,2023-05-20T00:00:00.000,2025-11-19 23:23:47,2542,Plaza Saltillo,2542,East 5th/Shady @ Eastside Bus Plaza,10,5,2023
29498469,Local365,17751,electric,2023-05-01T23:02:23.000,2023-05-01T00:00:00.000,2025-11-19 23:02:23,2495,4th/Congress,2495,Nash Hernandez/East @ RBJ South,9,5,2023
29507812,Local365,21490,electric,2023-05-02T21:55:16.000,2023-05-02T00:00:00.000,2025-11-19 21:55:16,4060,Red River/Cesar Chavez @ The Fairmont,4060,Nash Hernandez/East @ RBJ South,5,5,2023
29536949,Explorer,22449,electric,2023-05-05T17:05:30.000,2023-05-05T00:00:00.000,2025-11-19 17:05:30,2707,Rainey/Cummings,2707,3rd/West,16,5,2023
29572220,Local365,19198,electric,2023-05-09T07:47:13.000,2023-05-09T00:00:00.000,2025-11-19 07:47:13,2539,3rd/Trinity @ The Convention Center,2539,10th/Red River,6,5,2023
29618855,Local365,21739,electric,2023-05-13T17:33:12.000,2023-05-13T00:00:00.000,2025-11-19 17:33:12,3794,4th/Sabine,3794,Lake Austin Blvd/Deep Eddy,23,5,2023
29496328,Student Membership,19955,electric,2023-05-01T18:15:20.000,2023-05-01T00:00:00.000,2025-11-19 18:15:20,3798,21st/Speedway @ PCL,3798,23rd/San Jacinto @ DKR Stadium,8,5,2023
29496454,Student Membership,18556,electric,2023-05-01T18:27:28.000,2023-05-01T00:00:00.000,2025-11-19 18:27:28,3799,23rd/San Jacinto @ DKR Stadium,3799,26th/Nueces,8,5,2023
29777016,Local365,19233,electric,2023-05-31T16:54:55.000,2023-05-31T00:00:00.000,2025-11-19 16:54:55,2499,2nd/Lavaca @ City Hall,2499,One Texas Center,5,5,2023
29729586,Local31,22461,electric,2023-05-26T21:50:24.000,2023-05-26T00:00:00.000,2025-11-19 21:50:24,3619,6th/Congress,3619,Red River/Cesar Chavez @ The Fairmont,8,5,2023
29739808,Local31,21628,electric,2023-05-27T20:22:15.000,2023-05-27T00:00:00.000,2025-11-19 20:22:15,2497,11th/Congress @ The Texas Capitol,2497,4th/Congress,3,5,2023
29751006,Local31,19224,electric,2023-05-28T20:34:52.000,2023-05-28T00:00:00.000,2025-11-19 20:34:52,2496,8th/Congress,2496,4th/Congress,3,5,2023
29752014,Local31,19943,electric,2023-05-28T22:44:55.000,2023-05-28T00:00:00.000,2025-11-19 22:44:55,2496,8th/Congress,2496,11th/Congress @ The Texas Capitol,4,5,2023
29642399,Local31,21886,electric,2023-05-16T20:46:10.000,2023-05-16T00:00:00.000,2025-11-19 20:46:10,2497,11th/Congress @ The Texas Capitol,2497,4th/Congress,4,5,2023
29686296,Local31,19270,electric,2023-05-21T20:32:29.000,2023-05-21T00:00:00.000,2025-11-19 20:32:29,2497,11th/Congress @ The Texas Capitol,2497,4th/Guadalupe @ Republic Square,7,5,2023
29720396,Local31,17347,electric,2023-05-25T21:04:32.000,2023-05-25T00:00:00.000,2025-11-19 21:04:32,2496,8th/Congress,2496,4th/Congress,3,5,2023
29758925,Local31,21788,electric,2023-05-29T16:25:52.000,2023-05-29T00:00:00.000,2025-11-19 16:25:52,4059,Nash Hernandez/East @ RBJ South,4059,Cesar Chavez/Congress,8,5,2023
29530729,Explorer,21438,electric,2023-05-05T07:47:52.000,2023-05-05T00:00:00.000,2025-11-19 07:47:52,7341,Dean Keeton/Park Place,7341,23rd/San Jacinto @ DKR Stadium,5,5,2023
29530789,Explorer,19303,electric,2023-05-05T08:00:34.000,2023-05-05T00:00:00.000,2025-11-19 08:00:34,7188,22nd/Pearl,7188,23rd/San Jacinto @ DKR Stadium,8,5,2023
29552996,Explorer,468,classic,2023-05-07T03:36:56.000,2023-05-07T00:00:00.000,2025-11-19 03:36:56,3797,21st/University,3797,Dean Keeton/Speedway,15,5,2023
13319513,Denver B-cycle Founder,36,classic,2017-01-01T10:34:25.000,2017-01-01T00:00:00.000,2025-11-19 10:34:25,2549,Long Center @ South 1st & Riverside,2504,South Congress & Elizabeth,13,1,2017
29539196,Explorer,22461,electric,2023-05-05T20:04:54.000,2023-05-05T00:00:00.000,2025-11-19 20:04:54,7188,22nd/Pearl,7188,28th/Rio Grande,7,5,2023
13319443,Denver B-cycle Founder,166,classic,2017-01-01T10:20:27.000,2017-01-01T00:00:00.000,2025-11-19 10:20:27,2503,South Congress & James,2549,Long Center @ South 1st & Riverside,13,1,2017
29490537,Student Membership,354G,classic,2023-05-01T09:30:56.000,2023-05-01T00:00:00.000,2025-11-19 09:30:56,3687,Boardwalk West,3687,Riverside/South Lamar,15,5,2023
29606896,Explorer,21810,electric,2023-05-12T12:48:51.000,2023-05-12T00:00:00.000,2025-11-19 12:48:51,2552,3rd/West,2552,Zilker Park,49,5,2023
29611304,Local31,19869,electric,2023-05-12T20:17:02.000,2023-05-12T00:00:00.000,2025-11-19 20:17:02,2496,8th/Congress,2496,4th/Sabine,9,5,2023
29515243,Local31,19488,electric,2023-05-03T16:51:38.000,2023-05-03T00:00:00.000,2025-11-19 16:51:38,2539,3rd/Trinity @ The Convention Center,2539,5th/Bowie,10,5,2023
29501383,Local31,21733,electric,2023-05-02T12:01:06.000,2023-05-02T00:00:00.000,2025-11-19 12:01:06,2501,5th/Bowie,2501,4th/Sabine,10,5,2023
29697424,Local31,16410,electric,2023-05-23T10:28:54.000,2023-05-23T00:00:00.000,2025-11-19 10:28:54,2501,5th/Bowie,2501,4th/Sabine,9,5,2023
29651573,Local31,369G,classic,2023-05-18T06:58:38.000,2023-05-18T00:00:00.000,2025-11-19 06:58:38,3794,4th/Sabine,3794,5th/Bowie,8,5,2023
29657962,Local31,18331,electric,2023-05-18T20:06:42.000,2023-05-18T00:00:00.000,2025-11-19 20:06:42,3686,Sterzing/Barton Springs,3686,4th/Sabine,13,5,2023
29611261,Local31,18329,electric,2023-05-12T20:11:59.000,2023-05-12T00:00:00.000,2025-11-19 20:11:59,2497,11th/Congress @ The Texas Capitol,2497,4th/Sabine,15,5,2023
29516594,Local31,21755,electric,2023-05-03T18:30:25.000,2023-05-03T00:00:00.000,2025-11-19 18:30:25,2501,5th/Bowie,2501,4th/Sabine,10,5,2023
29552804,Student Membership,18947,electric,2023-05-07T02:05:43.000,2023-05-07T00:00:00.000,2025-11-19 02:05:43,2537,6th/West,2537,Dean Keeton/Whitis,26,5,2023
29493162,Local365,21799,electric,2023-05-01T13:42:45.000,2023-05-01T00:00:00.000,2025-11-19 13:42:45,4057,6th/Chalmers,4057,2nd/Lavaca @ City Hall,29,5,2023
29774970,Local365,18673,electric,2023-05-31T13:37:24.000,2023-05-31T00:00:00.000,2025-11-19 13:37:24,3621,3rd/Nueces,3621,Plaza Saltillo,14,5,2023
29702181,Local365,23277,electric,2023-05-23T18:31:00.000,2023-05-23T00:00:00.000,2025-11-19 18:31:00,4050,5th/Campbell,4050,5th/Campbell,2,5,2023
29520006,Local365,19734,electric,2023-05-04T08:54:08.000,2023-05-04T00:00:00.000,2025-11-19 08:54:08,2552,3rd/West,2552,4th/Congress,4,5,2023
29525960,Local365,19734,electric,2023-05-04T16:59:26.000,2023-05-04T00:00:00.000,2025-11-19 16:59:26,2495,4th/Congress,2495,Electric Drive/Sandra Muraida Way @ Pfluger Ped Bridge,5,5,2023
29655340,Local365,19213,electric,2023-05-18T15:37:22.000,2023-05-18T00:00:00.000,2025-11-19 15:37:22,2499,2nd/Lavaca @ City Hall,2499,11th/Salina ,17,5,2023
29492312,Student Membership,21647,electric,2023-05-01T12:36:42.000,2023-05-01T00:00:00.000,2025-11-19 12:36:42,3795,Dean Keeton/Whitis,3795,21st/University,13,5,2023
29695858,Explorer,21568,electric,2023-05-22T23:32:42.000,2023-05-22T00:00:00.000,2025-11-19 23:32:42,3513,South Congress/Barton Springs @ The Austin American-Statesman,3513,East 5th/Shady @ Eastside Bus Plaza,45,5,2023
29497118,Local365,21476,electric,2023-05-01T19:31:16.000,2023-05-01T00:00:00.000,2025-11-19 19:31:16,2823,East 5th/Broadway @ Capital Metro HQ,2823,8th/San Jacinto,15,5,2023
29689300,Explorer,21541,electric,2023-05-22T11:41:54.000,2023-05-22T00:00:00.000,2025-11-19 11:41:54,4061,Lakeshore/Austin Hostel,4061,4th/Guadalupe @ Republic Square,26,5,2023
29561085,Pay-as-you-ride,21810,electric,2023-05-07T19:12:28.000,2023-05-07T00:00:00.000,2025-11-19 19:12:28,4061,Lakeshore/Austin Hostel,4061,Lakeshore/Austin Hostel,21,5,2023
29504586,Student Membership,17460,electric,2023-05-02T16:16:24.000,2023-05-02T00:00:00.000,2025-11-19 16:16:24,3797,21st/University,3797,26th/Nueces,7,5,2023
29776595,Local31,16831,electric,2023-05-31T16:15:58.000,2023-05-31T00:00:00.000,2025-11-19 16:15:58,3684,Cesar Chavez/Congress,3684,22nd/Pearl,12,5,2023
29725972,Local31,18101,electric,2023-05-26T15:47:03.000,2023-05-26T00:00:00.000,2025-11-19 15:47:03,4048,South Congress @ Bouldin Creek,4048,22nd/Pearl,14,5,2023
29731814,Local31,19437,electric,2023-05-27T10:37:52.000,2023-05-27T00:00:00.000,2025-11-19 10:37:52,7188,22nd/Pearl,7188,South Congress @ Bouldin Creek,15,5,2023
29735167,Local31,19688,electric,2023-05-27T14:34:07.000,2023-05-27T00:00:00.000,2025-11-19 14:34:07,4048,South Congress @ Bouldin Creek,4048,22nd/Pearl,15,5,2023
29752727,Local31,21712,electric,2023-05-29T06:50:44.000,2023-05-29T00:00:00.000,2025-11-19 06:50:44,7188,22nd/Pearl,7188,South Congress @ Bouldin Creek,14,5,2023
29758363,Local31,21712,electric,2023-05-29T15:47:56.000,2023-05-29T00:00:00.000,2025-11-19 15:47:56,4048,South Congress @ Bouldin Creek,4048,22nd/Pearl,17,5,2023
29712896,Local31,19330,electric,2023-05-25T06:50:16.000,2023-05-25T00:00:00.000,2025-11-19 06:50:16,7188,22nd/Pearl,7188,South Congress @ Bouldin Creek,13,5,2023
29692285,Local31,21697,electric,2023-05-22T16:24:46.000,2023-05-22T00:00:00.000,2025-11-19 16:24:46,4048,South Congress @ Bouldin Creek,4048,22nd/Pearl,13,5,2023
29696310,Local31,19367,electric,2023-05-23T07:42:58.000,2023-05-23T00:00:00.000,2025-11-19 07:42:58,7188,22nd/Pearl,7188,South Congress @ Bouldin Creek,15,5,2023
29700853,Local31,19678,electric,2023-05-23T16:39:53.000,2023-05-23T00:00:00.000,2025-11-19 16:39:53,4048,South Congress @ Bouldin Creek,4048,22nd/Pearl,15,5,2023
29707097,Local31,21628,electric,2023-05-24T12:28:08.000,2023-05-24T00:00:00.000,2025-11-19 12:28:08,7189,28th/Rio Grande,7189,22nd/Pearl,3,5,2023
29687454,Local31,21697,electric,2023-05-22T06:41:55.000,2023-05-22T00:00:00.000,2025-11-19 06:41:55,7188,22nd/Pearl,7188,South Congress @ Bouldin Creek,13,5,2023
29643126,Student Membership,19280,electric,2023-05-17T00:19:36.000,2023-05-17T00:00:00.000,2025-11-19 00:19:36,7189,28th/Rio Grande,7189,22nd/Pearl,5,5,2023
29666970,Pay-as-you-ride,21659,electric,2023-05-19T22:50:52.000,2023-05-19T00:00:00.000,2025-11-19 22:50:52,7188,22nd/Pearl,7188,28th/Rio Grande,4,5,2023
29631576,Student Membership,19367,electric,2023-05-15T15:06:26.000,2023-05-15T00:00:00.000,2025-11-19 15:06:26,4048,South Congress @ Bouldin Creek,4048,22nd/Pearl,16,5,2023
29621609,Student Membership,21707,electric,2023-05-14T00:06:24.000,2023-05-14T00:00:00.000,2025-11-19 00:06:24,3838,26th/Nueces,3838,22nd/Pearl,3,5,2023
29571911,Student Membership,19148,electric,2023-05-09T03:34:08.000,2023-05-09T00:00:00.000,2025-11-19 03:34:08,7189,28th/Rio Grande,7189,22nd/Pearl,3,5,2023
29593451,Student Membership,19488,electric,2023-05-11T00:24:49.000,2023-05-11T00:00:00.000,2025-11-19 00:24:49,7189,28th/Rio Grande,7189,22nd/Pearl,4,5,2023
29571453,Student Membership,21740,electric,2023-05-08T23:04:09.000,2023-05-08T00:00:00.000,2025-11-19 23:04:09,7188,22nd/Pearl,7188,23rd/Pearl,2,5,2023
29546876,Student Membership,19040,electric,2023-05-06T15:39:35.000,2023-05-06T00:00:00.000,2025-11-19 15:39:35,4048,South Congress @ Bouldin Creek,4048,22nd/Pearl,16,5,2023
29519508,Student Membership,21653,electric,2023-05-04T06:50:17.000,2023-05-04T00:00:00.000,2025-11-19 06:50:17,7188,22nd/Pearl,7188,South Congress @ Bouldin Creek,14,5,2023
29505482,Student Membership,18673,electric,2023-05-02T17:28:52.000,2023-05-02T00:00:00.000,2025-11-19 17:28:52,7188,22nd/Pearl,7188,26th/Nueces,9,5,2023
29508642,Student Membership,16936,electric,2023-05-03T07:35:43.000,2023-05-03T00:00:00.000,2025-11-19 07:35:43,7188,22nd/Pearl,7188,South Congress @ Bouldin Creek,17,5,2023
29539462,Local365,21571,electric,2023-05-05T20:30:36.000,2023-05-05T00:00:00.000,2025-11-19 20:30:36,4060,Red River/Cesar Chavez @ The Fairmont,4060,4th/Guadalupe @ Republic Square,8,5,2023
29489730,Student Membership,230,classic,2023-05-01T02:02:29.000,2023-05-01T00:00:00.000,2025-11-19 02:02:29,4938,22.5/Rio Grande,4938,Dean Keeton/Speedway,5,5,2023
29632778,Pay-as-you-ride,19870,electric,2023-05-15T17:08:37.000,2023-05-15T00:00:00.000,2025-11-19 17:08:37,3798,21st/Speedway @ PCL,3798,South Congress/Academy,18,5,2023
29537072,Pay-as-you-ride,21676,electric,2023-05-05T17:13:41.000,2023-05-05T00:00:00.000,2025-11-19 17:13:41,3798,21st/Speedway @ PCL,3798,21st/Guadalupe,10,5,2023
29657919,Pay-as-you-ride,21516,electric,2023-05-18T20:00:10.000,2023-05-18T00:00:00.000,2025-11-19 20:00:10,2539,3rd/Trinity @ The Convention Center,2539,10th/Red River,5,5,2023
29678852,Pay-as-you-ride,21546,electric,2023-05-21T10:19:14.000,2023-05-21T00:00:00.000,2025-11-19 10:19:14,4699,East 5th/Shady @ Eastside Bus Plaza,4699,23rd/San Jacinto @ DKR Stadium,28,5,2023
29653740,Student Membership,21495,electric,2023-05-18T12:44:46.000,2023-05-18T00:00:00.000,2025-11-19 12:44:46,3798,21st/Speedway @ PCL,3798,Dean Keeton/Speedway,6,5,2023
29638755,Student Membership,21576,electric,2023-05-16T14:39:46.000,2023-05-16T00:00:00.000,2025-11-19 14:39:46,2498,Dean Keeton/Speedway,2498,21st/Speedway @ PCL,5,5,2023
29653282,Student Membership,22196,electric,2023-05-18T11:55:20.000,2023-05-18T00:00:00.000,2025-11-19 11:55:20,7125,23rd/Pearl,7125,21st/Speedway @ PCL,5,5,2023
29534679,Student Membership,19688,electric,2023-05-05T14:19:29.000,2023-05-05T00:00:00.000,2025-11-19 14:19:29,3838,26th/Nueces,3838,21st/Speedway @ PCL,7,5,2023
29627866,Student Membership,21528,electric,2023-05-14T22:27:47.000,2023-05-14T00:00:00.000,2025-11-19 22:27:47,2495,4th/Congress,2495,21st/Guadalupe,12,5,2023
29694123,Local31,21767,electric,2023-05-22T18:55:16.000,2023-05-22T00:00:00.000,2025-11-19 18:55:16,2574,Zilker Park,2574,Electric Drive/Sandra Muraida Way @ Pfluger Ped Bridge,11,5,2023
29748648,Local31,23271,electric,2023-05-28T17:43:44.000,2023-05-28T00:00:00.000,2025-11-19 17:43:44,4061,Lakeshore/Austin Hostel,4061,South Congress/Barton Springs @ The Austin American-Statesman,21,5,2023
29748981,Local31,21740,electric,2023-05-28T18:05:22.000,2023-05-28T00:00:00.000,2025-11-19 18:05:22,3513,South Congress/Barton Springs @ The Austin American-Statesman,3513,21st/Guadalupe,48,5,2023
29750276,Local31,21740,electric,2023-05-28T19:35:26.000,2023-05-28T00:00:00.000,2025-11-19 19:35:26,2547,21st/Guadalupe,2547,Lakeshore/Austin Hostel,51,5,2023
29504938,Student Membership,21698,electric,2023-05-02T16:45:40.000,2023-05-02T00:00:00.000,2025-11-19 16:45:40,7341,Dean Keeton/Park Place,7341,21st/Speedway @ PCL,4,5,2023
29514931,Student Membership,21558,electric,2023-05-03T16:31:51.000,2023-05-03T00:00:00.000,2025-11-19 16:31:51,3798,21st/Speedway @ PCL,3798,Dean Keeton/Park Place,4,5,2023
29508356,Student Membership,21543,electric,2023-05-03T01:21:09.000,2023-05-03T00:00:00.000,2025-11-19 01:21:09,2570,South Congress/Academy,2570,23rd/Pearl,20,5,2023
29518781,Student Membership,19688,electric,2023-05-03T22:14:34.000,2023-05-03T00:00:00.000,2025-11-19 22:14:34,3797,21st/University,3797,21st/Speedway @ PCL,21,5,2023
29563982,Student Membership,19330,electric,2023-05-08T09:14:30.000,2023-05-08T00:00:00.000,2025-11-19 09:14:30,3798,21st/Speedway @ PCL,3798,Dean Keeton/Whitis,6,5,2023
29774790,Local365,21697,electric,2023-05-31T13:20:44.000,2023-05-31T00:00:00.000,2025-11-19 13:20:44,3619,6th/Congress,3619,Nash Hernandez/East @ RBJ South,9,5,2023
29771888,Local365,16333,electric,2023-05-31T07:37:54.000,2023-05-31T00:00:00.000,2025-11-19 07:37:54,4059,Nash Hernandez/East @ RBJ South,4059,6th/Congress,12,5,2023
29597510,Local365,22581,electric,2023-05-11T14:39:05.000,2023-05-11T00:00:00.000,2025-11-19 14:39:05,2567,Barton Springs/Bouldin @ Palmer Auditorium,2567,Nash Hernandez/East @ RBJ South,12,5,2023
29774231,Student Membership,301,classic,2023-05-31T12:26:16.000,2023-05-31T00:00:00.000,2025-11-19 12:26:16,7189,28th/Rio Grande,7189,23rd/San Jacinto @ DKR Stadium,7,5,2023
29697436,Local31,21725,electric,2023-05-23T10:30:34.000,2023-05-23T00:00:00.000,2025-11-19 10:30:34,3684,Cesar Chavez/Congress,3684,9th/Henderson,39,5,2023
29698320,Local31,21725,electric,2023-05-23T12:06:55.000,2023-05-23T00:00:00.000,2025-11-19 12:06:55,2497,11th/Congress @ The Texas Capitol,2497,3rd/West,37,5,2023
29773806,Local31,19552,electric,2023-05-31T11:40:46.000,2023-05-31T00:00:00.000,2025-11-19 11:40:46,2497,11th/Congress @ The Texas Capitol,2497,Riverside/South Lamar,59,5,2023
29774390,Local31,23271,electric,2023-05-31T12:40:36.000,2023-05-31T00:00:00.000,2025-11-19 12:40:36,2575,Riverside/South Lamar,2575,Nash Hernandez/East @ RBJ South,96,5,2023
29542900,Pay-as-you-ride,21725,electric,2023-05-06T11:01:24.000,2023-05-06T00:00:00.000,2025-11-19 11:01:24,2707,Rainey/Cummings,2707,Rainey/Cummings,58,5,2023
29764806,Pay-as-you-ride,21668,electric,2023-05-30T10:49:02.000,2023-05-30T00:00:00.000,2025-11-19 10:49:02,3791,Lake Austin/Enfield,3791,Lake Austin Blvd/Deep Eddy,8,5,2023
29751484,Local365,21499,electric,2023-05-28T21:26:47.000,2023-05-28T00:00:00.000,2025-11-19 21:26:47,2575,Riverside/South Lamar,2575,Lake Austin Blvd/Deep Eddy,14,5,2023
29715042,Local365,19476,electric,2023-05-25T12:21:42.000,2023-05-25T00:00:00.000,2025-11-19 12:21:42,7190,Rio Grande/12th,7190,6th/West,3,5,2023
29719914,Local365,16410,electric,2023-05-25T20:08:15.000,2023-05-25T00:00:00.000,2025-11-19 20:08:15,3794,4th/Sabine,3794,2nd/Lavaca @ City Hall,61,5,2023
29738792,Local365,21455,electric,2023-05-27T18:52:36.000,2023-05-27T00:00:00.000,2025-11-19 18:52:36,3660,East 6th/Medina,3660,Sterzing/Barton Springs,42,5,2023
29779163,Local365,22599,electric,2023-05-31T20:15:15.000,2023-05-31T00:00:00.000,2025-11-19 20:15:15,3660,East 6th/Medina,3660,3rd/Trinity @ The Convention Center,5,5,2023
29674524,Local365,19330,electric,2023-05-20T18:01:01.000,2023-05-20T00:00:00.000,2025-11-19 18:01:01,2495,4th/Congress,2495,Plaza Saltillo,49,5,2023
29510955,Local365,19250,electric,2023-05-03T11:51:52.000,2023-05-03T00:00:00.000,2025-11-19 11:51:52,2539,3rd/Trinity @ The Convention Center,2539,3rd/West,27,5,2023
29495870,Explorer,21718,electric,2023-05-01T17:36:43.000,2023-05-01T00:00:00.000,2025-11-19 17:36:43,2498,Dean Keeton/Speedway,2498,21st/Guadalupe,15,5,2023
29738062,Student Membership,16333,electric,2023-05-27T17:54:59.000,2023-05-27T00:00:00.000,2025-11-19 17:54:59,2498,Dean Keeton/Speedway,2498,21st/Guadalupe,6,5,2023
29494181,Local31,21487,electric,2023-05-01T15:07:34.000,2023-05-01T00:00:00.000,2025-11-19 15:07:34,3687,Boardwalk West,3687,Boardwalk West,30,5,2023
29700710,Pay-as-you-ride,19679,electric,2023-05-23T16:28:08.000,2023-05-23T00:00:00.000,2025-11-19 16:28:08,7188,22nd/Pearl,7188,9th/Henderson,14,5,2023
29628310,Pay-as-you-ride,19303,electric,2023-05-15T07:26:06.000,2023-05-15T00:00:00.000,2025-11-19 07:26:06,7188,22nd/Pearl,7188,9th/Henderson,12,5,2023
29656067,Pay-as-you-ride,21508,electric,2023-05-18T16:48:01.000,2023-05-18T00:00:00.000,2025-11-19 16:48:01,7188,22nd/Pearl,7188,9th/Henderson,8,5,2023
29658649,Pay-as-you-ride,21508,electric,2023-05-18T22:17:38.000,2023-05-18T00:00:00.000,2025-11-19 22:17:38,3685,9th/Henderson,3685,22nd/Pearl,8,5,2023
29511181,Student Membership,19403,electric,2023-05-03T12:05:19.000,2023-05-03T00:00:00.000,2025-11-19 12:05:19,3798,21st/Speedway @ PCL,3798,2nd/Lavaca @ City Hall,21,5,2023
29703352,Student Membership,21689,electric,2023-05-23T20:16:47.000,2023-05-23T00:00:00.000,2025-11-19 20:16:47,7189,28th/Rio Grande,7189,21st/Guadalupe,5,5,2023
29757103,Student Membership,21895,electric,2023-05-29T14:24:29.000,2023-05-29T00:00:00.000,2025-11-19 14:24:29,7189,28th/Rio Grande,7189,21st/Speedway @ PCL,7,5,2023
29776270,Student Membership,21585,electric,2023-05-31T15:46:30.000,2023-05-31T00:00:00.000,2025-11-19 15:46:30,3838,26th/Nueces,3838,21st/Speedway @ PCL,5,5,2023
29648095,Student Membership,561,classic,2023-05-17T16:43:20.000,2023-05-17T00:00:00.000,2025-11-19 16:43:20,3838,26th/Nueces,3838,21st/Speedway @ PCL,9,5,2023
29620521,Student Membership,21707,electric,2023-05-13T20:25:56.000,2023-05-13T00:00:00.000,2025-11-19 20:25:56,7189,28th/Rio Grande,7189,21st/Guadalupe,11,5,2023
29526876,Student Membership,230,classic,2023-05-04T18:01:22.000,2023-05-04T00:00:00.000,2025-11-19 18:01:22,4938,22.5/Rio Grande,4938,21st/Speedway @ PCL,5,5,2023
29569790,Student Membership,19040,electric,2023-05-08T19:10:04.000,2023-05-08T00:00:00.000,2025-11-19 19:10:04,3798,21st/Speedway @ PCL,3798,26th/Nueces,4,5,2023
29709584,Local31,19679,electric,2023-05-24T16:56:12.000,2023-05-24T00:00:00.000,2025-11-19 16:56:12,2495,4th/Congress,2495,South Congress/Mary,24,5,2023
29713412,Local31,21468,electric,2023-05-25T08:58:48.000,2023-05-25T00:00:00.000,2025-11-19 08:58:48,7187,South Congress/Mary,7187,4th/Congress,8,5,2023
29721985,Local31,19224,electric,2023-05-26T09:23:47.000,2023-05-26T00:00:00.000,2025-11-19 09:23:47,7187,South Congress/Mary,7187,4th/Congress,8,5,2023
29772222,Local31,22431,electric,2023-05-31T08:35:22.000,2023-05-31T00:00:00.000,2025-11-19 08:35:22,7187,South Congress/Mary,7187,6th/Congress,11,5,2023
29656178,Local31,21767,electric,2023-05-18T16:58:21.000,2023-05-18T00:00:00.000,2025-11-19 16:58:21,2495,4th/Congress,2495,South Congress/Mary,12,5,2023
29687892,Local31,21428,electric,2023-05-22T08:45:31.000,2023-05-22T00:00:00.000,2025-11-19 08:45:31,7187,South Congress/Mary,7187,4th/Congress,10,5,2023
29705067,Local31,21767,electric,2023-05-24T08:38:07.000,2023-05-24T00:00:00.000,2025-11-19 08:38:07,7187,South Congress/Mary,7187,2nd/Congress,8,5,2023
29599402,Local31,19682,electric,2023-05-11T17:36:47.000,2023-05-11T00:00:00.000,2025-11-19 17:36:47,2494,2nd/Congress,2494,South Congress/Mary,10,5,2023
29590410,Pay-as-you-ride,22521,electric,2023-05-10T18:49:46.000,2023-05-10T00:00:00.000,2025-11-19 18:49:46,3293,East 2nd/Pedernales,3293,East 2nd/Pedernales,16,5,2023
29590418,Pay-as-you-ride,19706,electric,2023-05-10T18:50:01.000,2023-05-10T00:00:00.000,2025-11-19 18:50:01,3293,East 2nd/Pedernales,3293,East 2nd/Pedernales,15,5,2023
29774130,Student Membership,21747,electric,2023-05-31T12:16:26.000,2023-05-31T00:00:00.000,2025-11-19 12:16:26,7188,22nd/Pearl,7188,Dean Keeton/Speedway,6,5,2023
29508645,Local365,21428,electric,2023-05-03T07:36:20.000,2023-05-03T00:00:00.000,2025-11-19 07:36:20,2542,Plaza Saltillo,2542,11th/Salina ,5,5,2023
29626040,Explorer,21492,electric,2023-05-14T17:29:09.000,2023-05-14T00:00:00.000,2025-11-19 17:29:09,4057,6th/Chalmers,4057,Plaza Saltillo,111,5,2023
29638523,Local365,19330,electric,2023-05-16T14:17:37.000,2023-05-16T00:00:00.000,2025-11-19 14:17:37,2575,Riverside/South Lamar,2575,Plaza Saltillo,39,5,2023
29574470,Local365,19132,electric,2023-05-09T12:23:45.000,2023-05-09T00:00:00.000,2025-11-19 12:23:45,2542,Plaza Saltillo,2542,11th/Salina ,5,5,2023
29776898,Student Membership,19196,electric,2023-05-31T16:45:02.000,2023-05-31T00:00:00.000,2025-11-19 16:45:02,2547,21st/Guadalupe,2547,21st/Speedway @ PCL,3,5,2023
29719167,Student Membership,16855,electric,2023-05-25T18:55:25.000,2023-05-25T00:00:00.000,2025-11-19 18:55:25,4938,22.5/Rio Grande,4938,28th/Rio Grande,103,5,2023
29720664,Student Membership,16855,electric,2023-05-25T22:00:59.000,2023-05-25T00:00:00.000,2025-11-19 22:00:59,7189,28th/Rio Grande,7189,22nd/Pearl,4,5,2023
29696568,Student Membership,19646,electric,2023-05-23T08:28:23.000,2023-05-23T00:00:00.000,2025-11-19 08:28:23,3798,21st/Speedway @ PCL,3798,28th/Rio Grande,45,5,2023
29568891,Student Membership,21495,electric,2023-05-08T17:53:58.000,2023-05-08T00:00:00.000,2025-11-19 17:53:58,3798,21st/Speedway @ PCL,3798,22nd/Pearl,7,5,2023
29491602,Student Membership,21430,electric,2023-05-01T11:31:43.000,2023-05-01T00:00:00.000,2025-11-19 11:31:43,3798,21st/Speedway @ PCL,3798,Dean Keeton/Speedway,3,5,2023
29642585,Student Membership,19720,electric,2023-05-16T21:22:13.000,2023-05-16T00:00:00.000,2025-11-19 21:22:13,4062,Lakeshore/Pleasant Valley,4062,Lakeshore/Pleasant Valley,45,5,2023
29597759,Local365,21895,electric,2023-05-11T15:02:37.000,2023-05-11T00:00:00.000,2025-11-19 15:02:37,2499,2nd/Lavaca @ City Hall,2499,East 5th/Broadway @ Capital Metro HQ,16,5,2023
29626455,Explorer,19194,electric,2023-05-14T18:11:25.000,2023-05-14T00:00:00.000,2025-11-19 18:11:25,2574,Zilker Park,2574,Boardwalk West,44,5,2023
29761458,3-Day Weekender,21499,electric,2023-05-29T19:30:22.000,2023-05-29T00:00:00.000,2025-11-19 19:30:22,3513,South Congress/Barton Springs @ The Austin American-Statesman,3513,4th/Congress,5,5,2023
29762719,3-Day Weekender,21499,electric,2023-05-29T21:58:50.000,2023-05-29T00:00:00.000,2025-11-19 21:58:50,2495,4th/Congress,2495,South Congress/Barton Springs @ The Austin American-Statesman,21,5,2023
29772463,3-Day Weekender,22470,electric,2023-05-31T09:11:36.000,2023-05-31T00:00:00.000,2025-11-19 09:11:36,3513,South Congress/Barton Springs @ The Austin American-Statesman,3513,Rainey/Cummings,17,5,2023
29777098,3-Day Weekender,21697,electric,2023-05-31T17:02:44.000,2023-05-31T00:00:00.000,2025-11-19 17:02:44,2707,Rainey/Cummings,2707,South Congress/Barton Springs @ The Austin American-Statesman,12,5,2023
29516036,Local31,920,classic,2023-05-03T17:48:04.000,2023-05-03T00:00:00.000,2025-11-19 17:48:04,2707,Rainey/Cummings,2707,5th/Bowie,10,5,2023
29551189,Local31,18947,electric,2023-05-06T21:15:48.000,2023-05-06T00:00:00.000,2025-11-19 21:15:48,2707,Rainey/Cummings,2707,Plaza Saltillo,7,5,2023
29564523,Student Membership,19148,electric,2023-05-08T10:29:11.000,2023-05-08T00:00:00.000,2025-11-19 10:29:11,3798,21st/Speedway @ PCL,3798,28th/Rio Grande,6,5,2023
29774086,Student Membership,19677,electric,2023-05-31T12:10:54.000,2023-05-31T00:00:00.000,2025-11-19 12:10:54,2547,21st/Guadalupe,2547,28th/Rio Grande,5,5,2023
29776568,Student Membership,19432,electric,2023-05-31T16:14:18.000,2023-05-31T00:00:00.000,2025-11-19 16:14:18,3838,26th/Nueces,3838,21st/Speedway @ PCL,6,5,2023
29771616,Student Membership,19646,electric,2023-05-31T02:08:48.000,2023-05-31T00:00:00.000,2025-11-19 02:08:48,4938,22.5/Rio Grande,4938,28th/Rio Grande,5,5,2023
29714089,Student Membership,19720,electric,2023-05-25T10:31:04.000,2023-05-25T00:00:00.000,2025-11-19 10:31:04,7189,28th/Rio Grande,7189,26th/Nueces,2,5,2023
29715749,Student Membership,21653,electric,2023-05-25T13:40:40.000,2023-05-25T00:00:00.000,2025-11-19 13:40:40,3798,21st/Speedway @ PCL,3798,28th/Rio Grande,8,5,2023
29684348,Student Membership,21707,electric,2023-05-21T18:00:21.000,2023-05-21T00:00:00.000,2025-11-19 18:00:21,3798,21st/Speedway @ PCL,3798,28th/Rio Grande,14,5,2023
29655317,Local31,21652,electric,2023-05-18T15:34:59.000,2023-05-18T00:00:00.000,2025-11-19 15:34:59,7187,South Congress/Mary,7187,South Congress/Mary,22,5,2023
29659933,Local31,16276,electric,2023-05-19T09:29:03.000,2023-05-19T00:00:00.000,2025-11-19 09:29:03,2503,South Congress/James,2503,South Congress/Mary,3,5,2023
29638581,Local31,19720,electric,2023-05-16T14:23:55.000,2023-05-16T00:00:00.000,2025-11-19 14:23:55,7187,South Congress/Mary,7187,South Congress/Mary,19,5,2023
29563710,Local31,19287,electric,2023-05-08T08:09:02.000,2023-05-08T00:00:00.000,2025-11-19 08:09:02,3513,South Congress/Barton Springs @ The Austin American-Statesman,3513,2nd/Congress,3,5,2023
29529873,Local31,16288,electric,2023-05-04T23:41:09.000,2023-05-04T00:00:00.000,2025-11-19 23:41:09,2565,6th/Trinity,2565,South Congress/James,7,5,2023
29669990,Local365,16855,electric,2023-05-20T12:32:44.000,2023-05-20T00:00:00.000,2025-11-19 12:32:44,2542,Plaza Saltillo,2542,Cesar Chavez/Congress,25,5,2023
29607062,Student Membership,21576,electric,2023-05-12T13:05:52.000,2023-05-12T00:00:00.000,2025-11-19 13:05:52,2498,Dean Keeton/Speedway,2498,21st/Guadalupe,8,5,2023
29505940,Student Membership,23271,electric,2023-05-02T18:02:48.000,2023-05-02T00:00:00.000,2025-11-19 18:02:48,2575,Riverside/South Lamar,2575,Sterzing/Barton Springs,7,5,2023
29772255,Local365,21739,electric,2023-05-31T08:40:05.000,2023-05-31T00:00:00.000,2025-11-19 08:40:05,4048,South Congress @ Bouldin Creek,4048,2nd/Congress,4,5,2023
29499488,Local31,1932,classic,2023-05-02T08:55:07.000,2023-05-02T00:00:00.000,2025-11-19 08:55:07,3660,East 6th/Medina,3660,4th/Congress,7,5,2023
29509043,Local31,272G,classic,2023-05-03T08:51:12.000,2023-05-03T00:00:00.000,2025-11-19 08:51:12,3660,East 6th/Medina,3660,4th/Congress,7,5,2023
29537902,Local31,19355,electric,2023-05-05T18:10:53.000,2023-05-05T00:00:00.000,2025-11-19 18:10:53,3660,East 6th/Medina,3660,East 6th/Pedernales,9,5,2023
29549764,Local31,19319,electric,2023-05-06T19:11:20.000,2023-05-06T00:00:00.000,2025-11-19 19:11:20,3660,East 6th/Medina,3660,Plaza Saltillo,3,5,2023
29538340,3-Day Weekender,18132,electric,2023-05-05T18:44:41.000,2023-05-05T00:00:00.000,2025-11-19 18:44:41,2822,East 6th/Robert T. Martinez,2822,Plaza Saltillo,11,5,2023
29599319,Student Membership,21688,electric,2023-05-11T17:29:04.000,2023-05-11T00:00:00.000,2025-11-19 17:29:04,3798,21st/Speedway @ PCL,3798,23rd/Pearl,4,5,2023
29537407,Local31,19207,electric,2023-05-05T17:35:52.000,2023-05-05T00:00:00.000,2025-11-19 17:35:52,2494,2nd/Congress,2494,Lakeshore/Austin Hostel,12,5,2023
29589475,Local31,21514,electric,2023-05-10T17:30:28.000,2023-05-10T00:00:00.000,2025-11-19 17:30:28,7187,South Congress/Mary,7187,Lakeshore/Austin Hostel,16,5,2023
29711778,Local31,19869,electric,2023-05-24T20:23:36.000,2023-05-24T00:00:00.000,2025-11-19 20:23:36,4061,Lakeshore/Austin Hostel,4061,Lakeshore/Austin Hostel,20,5,2023
29713232,Local31,19869,electric,2023-05-25T08:27:32.000,2023-05-25T00:00:00.000,2025-11-19 08:27:32,4061,Lakeshore/Austin Hostel,4061,2nd/Congress,11,5,2023
29713308,Local31,19434,electric,2023-05-25T08:42:23.000,2023-05-25T00:00:00.000,2025-11-19 08:42:23,2494,2nd/Congress,2494,Lakeshore/Austin Hostel,10,5,2023
29773959,Local31,19367,electric,2023-05-31T11:57:50.000,2023-05-31T00:00:00.000,2025-11-19 11:57:50,4061,Lakeshore/Austin Hostel,4061,2nd/Congress,11,5,2023
29649074,Local31,19160,electric,2023-05-17T18:10:56.000,2023-05-17T00:00:00.000,2025-11-19 18:10:56,4061,Lakeshore/Austin Hostel,4061,2nd/Congress,12,5,2023
29493643,Local31,19720,electric,2023-05-01T14:18:04.000,2023-05-01T00:00:00.000,2025-11-19 14:18:04,2566,Electric Drive/Sandra Muraida Way @ Pfluger Ped Bridge,2566,Veterans/Atlanta @ MoPac Ped Bridge,38,5,2023
29653611,Local31,19780,electric,2023-05-18T12:32:17.000,2023-05-18T00:00:00.000,2025-11-19 12:32:17,3377,Veterans/Atlanta @ MoPac Ped Bridge,3377,Veterans/Atlanta @ MoPac Ped Bridge,61,5,2023
29716379,Local31,22449,electric,2023-05-25T14:43:14.000,2023-05-25T00:00:00.000,2025-11-19 14:43:14,3377,Veterans/Atlanta @ MoPac Ped Bridge,3377,Veterans/Atlanta @ MoPac Ped Bridge,37,5,2023
29774296,Local31,21712,electric,2023-05-31T12:32:53.000,2023-05-31T00:00:00.000,2025-11-19 12:32:53,3377,Veterans/Atlanta @ MoPac Ped Bridge,3377,Veterans/Atlanta @ MoPac Ped Bridge,43,5,2023
29769443,Local365,19239,electric,2023-05-30T18:29:17.000,2023-05-30T00:00:00.000,2025-11-19 18:29:17,3660,East 6th/Medina,3660,Lake Austin/Enfield,64,5,2023
29508476,Local365,21492,electric,2023-05-03T05:40:18.000,2023-05-03T00:00:00.000,2025-11-19 05:40:18,4058,Hollow Creek/Barton Hills,4058,Lakeshore/Pleasant Valley,18,5,2023
